Loại Kiến Thức,TT,QUESTIONS,A,B,C,D,ANS,rating
,1,What is the colour of runway centre line markings?,White,Red,Yellow,Blue,1,SUP
,2,What is the colour of runway end lights?,Red,White,Green,Blue,1,SUP
,3,What is the colour of taxiway edge lights?,Blue,White,Green,Red,1,SUP
,4,The primary purpose of a wind direction indicator is to show:,Runway longitudinal slope,Aerodrome pressure setting,Surface wind direction at the aerodrome,Prevailing visibility,3,SUP
,5,What is the purpose of an apron?,Aircraft take-off and landing,"Parking, loading/unloading, refuelling and servicing aircraft",Engine run-up before departure,Locating radio navigation aids,2,SUP
,6,What is the colour of a stop bar?,Blue,Red,Green,White,2,SUP
,7,"The part of an aerodrome used for take-off, landing, and taxiing, excluding aprons, is called the:",Movement area,Manoeuvring area,Runway strip,Apron,2,SUP
,8,A defined rectangular area for an aircraft to stop in case of an abandoned take-off is a:,Clearway,Runway strip,Runway end safety area,Stopway,4,SUP
,9,"The ""T"" shape landing direction indicator points towards the:",Direction from which the wind is blowing,Direction to the nearest taxiway,Direction to be used for landing and take-off,Direction of magnetic north,3,SUP
,10,What is the recommended operational objective for RFFS response time to reach any point on an operational runway?,Not more than 3 minutes,Not more than 5 minutes,Not more than 1 minute,Not more than 2 minutes,1,SUP
,11,What does a chevron marking in the pre-threshold area indicate?,"An area not available for normal aircraft take-off, landing or taxiing",A displaced threshold area available for landing,A taxiway shoulder available for aircraft parking,A stopway available for routine taxiing,1,SUP
,12,Who provides apron management service?,Only the national aviation authority,"The aerodrome operator, ATS unit or another designated apron management unit",Only the rescue and firefighting service,Only the pilot-in-command,2,SUP
,13,A fence is required on an aerodrome to prevent entry to the movement area by:,Only emergency vehicles,Only wildlife,Only passengers and visitors,"Unauthorized persons, vehicles and animals",4,SUP
,14,"What is a ""hot spot"" on an aerodrome?",A location on the movement area with a history or potential risk of collision or runway incursion,A designated engine run-up bay,A runway section with the highest pavement strength,A mandatory aircraft parking position,1,SUP
,15,Aiming point markings are provided on a runway to serve as a:,A taxiway alignment reference,The runway magnetic bearing,A visual aiming point for landing aircraft,The end of the touchdown zone,3,SUP
,16,"If a pilot sees two red lights and two white lights on a PAPI, their aircraft is:",Outside the approach sector,Above the correct approach slope,On the correct approach slope,Below the correct approach slope,3,SUP
,17,A NO ENTRY sign consists of:,A white inscription or symbol on a red background,A red inscription on a white background,A black inscription on a yellow background,A yellow inscription on a black background,1,SUP
,18,An aerodrome beacon at a land aerodrome shows flashes of what colours?,Series of red flashes,Alternating red and green flashes,Alternating white and green flashes,Steady green,3,SUP
,19,What is the purpose of an arresting system?,Decelerate an aircraft during an overrun or rejected take-off,Provide visual glide-path guidance,Guide aircraft from apron to taxiway,Improve drainage on the runway,1,SUP
,20,A taxiway connecting to a runway at an acute angle for landing aircraft to exit at higher speeds is called a:,Rapid exit taxiway,Aircraft stand taxilane,Apron taxiway,Parallel taxiway,1,SUP
,21,The responsibility for avoiding collisions on the apron rests with:,Aerodrome control tower,Pilot-in-command,Ground-handling agent,Apron management service,2,SUP
,22,A flashing white light from the control tower to an aircraft on the ground means:,Vacate the runway immediately,Stop,Return to the starting point on the aerodrome,Cleared to taxi,3,SUP
,23,A steady red light from the control tower to an aircraft on the ground means:,Cleared to taxi,Return to the starting point,Vacate the runway,Stop,4,SUP
,24,The standard radiotelephony phrase for a general emergency is:,MAYDAY,SECURITE,PAN PAN,ROGER,1,SUP
,25,The standard radiotelephony phrase for an urgency situation is:,SECURITE,PAN PAN,WILCO,MAYDAY,2,SUP
,26,The transponder code for a communications failure is:,Mode B code 7600,Mode A code 7700,Mode A code 7600,Mode A code 7500,3,SUP
,27,The transponder code for unlawful interference (hijacking) is:,7200,7300,7400,7500,4,SUP
,28,The transponder code for a general emergency is:,7600,7000,7500,7700,4,SUP
,29,"What does the word ""Roger"" mean in radiotelephony?","1,000 ft",“I have received all of your last transmission”,MAYDAY,Pilot-in-command,2,SUP
,30,"A clearance ""cleared for the option"" allows the pilot to perform a:","Safety-critical clearances and instructions such as runway, route, level, heading, speed, SSR code and altimeter setting","Touch-and-go, low approach, missed approach, stop-and-go or full-stop landing",Pilot-in-command,7700,2,SUP
,31,What is the minimum vertical separation for aircraft below FL290?,500 ft,"1,000 ft","2,000 ft","1,500 ft",2,SUP
,32,What information must be read back by a pilot?,Cleared to land,MAYDAY,"Safety-critical clearances and instructions such as runway, route, level, heading, speed, SSR code and altimeter setting",Prescribed separation minima,3,SUP
,33,The term used to indicate that a separation minimum is applied between aircraft is:,"Touch-and-go, low approach, missed approach, stop-and-go or full-stop landing",Make a 360-degree turn to the right,Prescribed separation minima,"1,000 ft",3,SUP
,34,An aircraft taxiing on the manoeuvring area must be in two-way radio contact with:,"1,000 ft",Prescribed separation minima,The appropriate aerodrome control tower,"Touch-and-go, low approach, missed approach, stop-and-go or full-stop landing",3,SUP
,35,A steady green light from the control tower to an aircraft in flight means:,Cleared to land,Return for landing,Give way to other aircraft and continue circling,"Aerodrome unsafe, do not land",1,SUP
,36,"What does the instruction ""Orbit right"" mean?",Climb immediately,Make a 360-degree turn to the left,Make a 360-degree turn to the right,Descend immediately,3,SUP
,37,A Special VFR (SVFR) clearance allows a VFR flight to operate within a control zone when meteorological conditions are:,Flight information region (FIR),"Below normal VMC, subject to ATC clearance and prescribed minima within a CTR",Cleared to land,Prohibited area,2,SUP
,38,The responsibility for avoiding collisions on the apron rests with:,MAYDAY,Pilot-in-command,The appropriate aerodrome control tower,PAN PAN,2,SUP
,39,"What are the three services that comprise ""Air Traffic Services""?","Area control service, approach control service, aerodrome control service","Air traffic control service, search and rescue service","Air traffic control service, aeronautical telecommunication service and aeronautical meteorological service","Air traffic control service, flight information service, alerting service.",4,SUP
,40,What is the primary objective of the air traffic control service?,Any flight or portion of flight that will be provided with air traffic control service,Area control service,"Runways and taxiways, excluding aprons",Prevent collisions and maintain an orderly and expeditious flow of traffic,4,SUP
,41,A controlled airspace extending upwards from a specified limit above the earth is a:,Control area (CTA),VOLMET,Control zone (CTR),Flight information region (FIR),1,SUP
,42,The service provided to notify appropriate organizations regarding aircraft in need of search and rescue aid is called:,Control area (CTA),Alerting service,Air traffic control service,VOLMET,2,SUP
,43,An area of defined dimensions within which flight information service and alerting service are provided is a:,Visual flight rules,Area control centre (ACC),Flight information region (FIR),Control area (CTA),3,SUP
,44,A unit established to provide air traffic control service to controlled flights in control areas under its jurisdiction is an:,Air traffic advisory service,Area control centre (ACC),Air traffic control service,Runway-holding position,2,SUP
,45,A unit established to provide air traffic control service to aerodrome traffic is an:,Approach control service,Aerodrome control tower (TWR),Control area (CTA),Flight information service (FIS),2,SUP
,46,A pilot must submit a flight plan before operating:,Inform ATC immediately and request an amended clearance,The appropriate ATS units,Authorize the aircraft to proceed under specified conditions,Any flight or portion of flight that will be provided with air traffic control service,4,SUP
,47,What is the minimum vertical separation provided between IFR flights below FL290?,"2,000 ft",500 ft,"1,000 ft","1,500 ft",3,SUP
,48,Who is responsible for providing alerting service?,Area control centre,The appropriate ATS authority,The appropriate ATS units,Pilot-in-command,3,SUP
,49,"For the purpose of providing air traffic control, a controlled flight shall be separated from other controlled flights by at least the prescribed:",Prevent collisions and maintain an orderly and expeditious flow of traffic,"1,000 ft",Prescribed separation minima,Inform ATC immediately and request an amended clearance,3,SUP
,50,The service provided for the purpose of giving advice and information useful for the safe and efficient conduct of flights is:,Control area (CTA),Prevent collisions and maintain an orderly and expeditious flow of traffic,Flight information service (FIS),"Flight information centre (FIC), unless assigned to another ATS unit",3,SUP
,51,What is the main purpose of an Air Traffic Control (ATC) clearance?,Authorize the aircraft to proceed under specified conditions,"1,000 ft","Runways and taxiways, excluding aprons",Inform ATC immediately and request an amended clearance,1,SUP
,52,The unit which provides flight information service and alerting service within a Flight Information Region is the:,"Flight information centre (FIC), unless assigned to another ATS unit",Air traffic control service,Area control service,Authorize the aircraft to proceed under specified conditions,1,SUP
,53,"A ""clearance limit"" is the point to which an aircraft is granted an:",The point to which an aircraft is granted an air traffic control clearance.,The fix to which an aircraft is granted an air traffic control clearance.,The level to which an aircraft is granted an air traffic control clearance.,all above.,1,SUP
,54,The service provided to aircraft in the vicinity of an aerodrome before and after flights is known as:,"At an agreed point or time, or sufficiently early for the receiving unit",VOLMET,Aerodrome control service,Unless otherwise authorized or prescribed by the appropriate authority,3,SUP
,55,"The term ""manoeuvring area"" of an aerodrome consists of the:",Safe and efficient conduct of flight,Unless otherwise authorized or prescribed by the appropriate authority,"Runways and taxiways, excluding aprons",Aerodrome control tower (TWR),3,SUP
,56,What is the primary method for providing separation between IFR flights?,Runway-holding position,The appropriate ATS unit at the aerodrome of arrival,"At an agreed point or time, or sufficiently early for the receiving unit","Prescribed vertical, lateral or longitudinal separation",4,SUP
,57,"Who is responsible for establishing and managing Prohibited, Restricted, and Danger areas?",President.,Prime Minister,Minister of National Defense Ministry.,Minister of Transport and Communication Ministry.,2,SUP
,58,"A ""VFR flight"" is a flight conducted in accordance with:",Visual flight rules,The appropriate ATS unit at the aerodrome of arrival,Flight information region (FIR),Alerting service,1,SUP
,59,The primary purpose of the Flight Information Service (FIS) is to provide information for the:,Authorize the aircraft to proceed under specified conditions,Aerodrome control tower (TWR),Safe and efficient conduct of flight,"Prescribed vertical, lateral or longitudinal separation",3,SUP
,60,An air traffic control unit must maintain a continuous watch on its voice communication channels unless:,Prevent collisions and maintain an orderly and expeditious flow of traffic,Prescribed separation minima,The State or appropriate ATS authority,Unless otherwise authorized or prescribed by the appropriate authority,4,SUP
,61,The system which provides meteorological information in the form of routine broadcasts is called:,SIGMET,AIRMET,ATIS,VOLMET,4,SUP
,62,The transfer of communication of an aircraft from one ATS unit to another should be done:,Area control centre (ACC),"Prescribed vertical, lateral or longitudinal separation",The appropriate ATS units,"At an agreed point or time, or sufficiently early for the receiving unit",4,SUP
,63,"If a pilot is unable to comply with a clearance, they must:",Flight information service (FIS),The appropriate ATS unit at the aerodrome of arrival,Inform ATC immediately and request an amended clearance,Safe and efficient conduct of flight,3,SUP
,64,"A clearance to taxi to the ""holding point"" means to taxi to the:","At an agreed point or time, or sufficiently early for the receiving unit",Aerodrome control tower (TWR),Runway-holding position,Safe and efficient conduct of flight,3,SUP
,65,The establishment of an air traffic service is the responsibility of the:,Aerodrome control service,The State or appropriate ATS authority,The appropriate ATS units,Alerting service,2,SUP
,66,An arrival report must be made by a pilot at the termination of a controlled flight to:,VOLMET,Any flight or portion of flight that will be provided with air traffic control service,The appropriate ATS unit at the aerodrome of arrival,"1,000 ft",3,SUP
,67,"Which ICAO Annex regulates the provision of Air Traffic Services (ATS), including airspace management?",ICAO Annex 14,ICAO Annex 11,ICAO Annex 3,ICAO Annex 2,2,SUP
,68,Uncontrolled airspace is where:,Separation from IFR traffic and traffic information about other VFR traffic,No ATC service is provided; flight information and alerting services may be available,Prohibited area,Class E,2,SUP
,69,Which class of airspace provides IFR and VFR separation from all aircraft?,Class G,Class B,Class C,Class A,2,SUP
,70,"In Class C airspace, VFR flights receive:",Class G,Class B,Class F,Separation from IFR traffic and traffic information about other VFR traffic,4,SUP
,71,Which class of airspace is uncontrolled?,Class F,Class C,Class A,Class G,4,SUP
,72,Which is the default service in uncontrolled (Class G) airspace?,"Flight information service and alerting service, as applicable",No ATC service is provided; flight information and alerting services may be available,Provide advice and information useful for the safe and efficient conduct of flight,Area control service,1,SUP
,73,What services are provided within an FIR?,Air traffic advisory service,No ATC service is provided; flight information and alerting services may be available,An aerodrome and the controlled airspace extending upward from the surface around it,Flight information service and alerting service,4,SUP
,74,The main purpose of Flight Information Service is,Provide advice and information useful for the safe and efficient conduct of flight,A danger area contains potentially hazardous activities; a restricted area permits flight only under specified conditions,Air traffic advisory service,Air traffic control service,1,SUP
,75,A Control Zone (CTR) is usually associated with:,Class A,No ATC service is provided; flight information and alerting services may be available,Class B,An aerodrome and the controlled airspace extending upward from the surface around it,4,SUP
,76,Which statement about Prohibited Areas is correct?,Flight is prohibited unless specifically authorized,Class G,An aerodrome and the controlled airspace extending upward from the surface around it,Provide advice and information useful for the safe and efficient conduct of flight,1,SUP
,77,A Danger Area differs from a Restricted Area in that:,A danger area contains potentially hazardous activities; a restricted area permits flight only under specified conditions,"Flight information service and alerting service, as applicable",Class G,No ATC service is provided; flight information and alerting services may be available,1,SUP
,78,How many levels of ASM are defined in the ICAO concept?,Four,Five,Two,Three,4,SUP
,79,The strategic level of ASM is responsible for:,Three,Airspace is not permanently designated civil or military and is allocated flexibly according to need,"Procedural vertical, lateral and longitudinal separation","National policy, airspace structures and civil-military priority rules",4,SUP
,80,Which ASM level manages real-time changes in airspace allocation?,ASM Level 2 (Pre-tactical),ATFM Tactical Phase,ASM Level 3 (Tactical),ASM Level 1 (Strategic),3,SUP
,81,Flexible Use of Airspace (FUA) means:,Airspace is not permanently designated civil or military and is allocated flexibly according to need,"National flexible-use-of-airspace policy, structures and procedures",Military exercises or other temporary special activities,Flight information region (FIR),1,SUP
,82,The main output of ASM Level 1 (Strategic) is:,"National flexible-use-of-airspace policy, structures and procedures","Procedural vertical, lateral and longitudinal separation",An Airspace Use Plan or Updated Airspace Use Plan supported by an Airspace Management Cell and CDM,ASM Level 3 (Tactical),1,SUP
,83,Which of the following tools supports collaborative airspace planning between civil and military users?,Class F,Restricted area,An Airspace Use Plan or Updated Airspace Use Plan supported by an Airspace Management Cell and CDM,Control area (CTA),3,SUP
,84,Which type of separation is applied in procedural (non-radar) environments?,"Procedural vertical, lateral and longitudinal separation","National flexible-use-of-airspace policy, structures and procedures",Airspace is not permanently designated civil or military and is allocated flexibly according to need,Military exercises or other temporary special activities,1,SUP
,85,Temporary Reserved Airspace (TRA) is usually allocated for,Class B,Military exercises or other temporary special activities,Terminal control area (TMA),Class F,2,SUP
,86, What is an ATC sector?,Human operators and personnel,A defined volume of airspace assigned to a controller or controller team,"Transmit, read back, hear and confirm or correct",A confusing display or poorly designed control layout,2,SUP
,87,The main goal of Human Factors is:,Teamwork and communication,"Clear communication, mutual support, trust and shared situational awareness","Transmit, read back, hear and confirm or correct",Optimize human performance and aviation safety,4,SUP
,88,"According to ICAO, Human Factors is defined as:",Standard operating procedures,"The interaction between people, equipment, procedures and the environment","Limited attention, memory and perception; fatigue and workload",A defined volume of airspace assigned to a controller or controller team,2,SUP
,89,Which is NOT a core concern of Human Factors?,Too high or too low,Purely technical system performance with no human interaction,Threat and error management,Stress management,2,SUP
,90,"In the SHEL model, “Liveware” refers to:","Limited attention, memory and perception; fatigue and workload",Safe and efficient provision of air traffic control,Human operators and personnel,An action or inaction that unintentionally deviates from the intended outcome,3,SUP
,91,A key reason Human Factors training is needed in ATC is:,Safe and efficient provision of air traffic control,"Limited attention, memory and perception; fatigue and workload","Reduce human error and improve safety, teamwork and performance",Team members monitor each other’s actions and performance,3,SUP
,92,Which of the following is a common human limitation addressed by HF?,Fatigue and workload,"Limited attention, memory and perception; fatigue and workload",Human operators and personnel,Stress management,2,SUP
,93,Error in Human Factors is defined as:,An action or inaction that unintentionally deviates from the intended outcome,Team members monitor each other’s actions and performance,A defined volume of airspace assigned to a controller or controller team,"Fatigue, stress, workload, alertness, expectation and task complexity",1,SUP
,94,Which type of error is associated with slips and lapses?,An action or inaction that unintentionally deviates from the intended outcome,Purely technical system performance with no human interaction,Optimize human performance and aviation safety,Skill-based errors,4,SUP
,95,The “Swiss Cheese Model” illustrates:,       Promotes a systematic approach to safety.,      Is a logical and systematic development of the error chain approach to focus on causes of “organizational accidents”.,       Involves recognition that all components of the aviation system can contribute to and detract from safe and effective operations.,      All of above,4,SUP
,96,Performance may degrade when workload is:,"Fatigue, stress, workload, alertness, expectation and task complexity",Threat and error management,Skill-based errors,Too high or too low,4,SUP
,97,Long-term memory capacity is:,Human operators and personnel,Reduce misunderstanding through clear and concise communication,Safe and efficient provision of air traffic control,Very large or virtually unlimited,4,SUP
,98,Reaction time is influenced by:,"Clear communication, mutual support, trust and shared situational awareness",Team members monitor each other’s actions and performance,"Fatigue, stress, workload, alertness, expectation and task complexity","Reduce human error and improve safety, teamwork and performance",3,SUP
,99,An example of poor HMI is:,Team members monitor each other’s actions and performance,"Transmit, read back, hear and confirm or correct","Limited attention, memory and perception; fatigue and workload",A confusing display or poorly designed control layout,4,SUP
,100,Standard phraseology is used to:,"Fatigue, stress, workload, alertness, expectation and task complexity",Skill-based errors,"Clear communication, mutual support, trust and shared situational awareness",Reduce misunderstanding through clear and concise communication,4,SUP
,101,Closed-loop communication means:,"Transmit, read back, hear and confirm or correct",Purely technical system performance with no human interaction,"Fatigue, stress, workload, alertness, expectation and task complexity",Team members monitor each other’s actions and performance,1,SUP
,102,Cross-monitoring in teams is:,"Fatigue, stress, workload, alertness, expectation and task complexity",Team members monitor each other’s actions and performance,"The interaction between people, equipment, procedures and the environment",Safe and efficient provision of air traffic control,2,SUP
,103,Which factor enhances teamwork?,Stress management,Optimize human performance and aviation safety,"Reduce human error and improve safety, teamwork and performance","Clear communication, mutual support, trust and shared situational awareness",4,SUP
,104,Crew Resource Management (CRM) promotes:,"Effective teamwork, communication, leadership, decision-making and resource use",Purely technical system performance with no human interaction,Very large or virtually unlimited,"Transmit, read back, hear and confirm or correct",1,SUP
,105,The ultimate goal of teamwork in ATC is:,"Reduce human error and improve safety, teamwork and performance",Human operators and personnel,Too high or too low,Safe and efficient provision of air traffic control,4,SUP
,106,Stress in ATC is best defined as:,"Practice normal, abnormal and emergency situations safely",Fatigue and workload,A response when perceived demands exceed available resources,Leadership and motivation,3,SUP
,107,Fatigue in ATC is best described as:,Standard operating procedures,"Reduced mental or physical performance caused by sleep loss, circadian effects and workload","Guide the team and support safe, orderly and efficient decisions",A limited-capacity system that temporarily holds and processes current information,2,SUP
,108,A major cause of fatigue is:,Human-machine interface,"Insufficient sleep, extended duty or night work",Continuously assessing traffic and task demand against the controller’s capacity,"Knowledge, experience, rules and procedures",2,SUP
,109,Circadian rhythm refers to:,Ensure adequate alertness and maintain safety,"Inspiring and developing people through vision, motivation and change","Reduced mental or physical performance caused by sleep loss, circadian effects and workload",The approximately 24-hour internal biological cycle,4,SUP
,110,Which of the following is a common effect of fatigue?,Stress management,A response when perceived demands exceed available resources,"Reduced mental or physical performance caused by sleep loss, circadian effects and workload","Reduced alertness, slower reactions and poorer judgement",4,SUP
,111,The ultimate goal of fatigue management is:,"Reduced mental or physical performance caused by sleep loss, circadian effects and workload",Continuously assessing traffic and task demand against the controller’s capacity,Ensure adequate alertness and maintain safety,"Practice normal, abnormal and emergency situations safely",3,SUP
,112,Workload in ATC refers to:,"Reduced mental or physical performance caused by sleep loss, circadian effects and workload","The mental and physical demand produced by traffic, tasks, time pressure and complexity","Prioritize, plan, delegate, use SOPs and split or sectorize workload when needed",A response when perceived demands exceed available resources,2,SUP
,113,A strategy for managing workload is:,"Maintain competence, standardization and safety",Ensure adequate alertness and maintain safety,"The mental and physical demand produced by traffic, tasks, time pressure and complexity","Prioritize, plan, delegate, use SOPs and split or sectorize workload when needed",4,SUP
,114,Workload monitoring means:,"Insufficient sleep, extended duty or night work",Continuously assessing traffic and task demand against the controller’s capacity,A limited-capacity system that temporarily holds and processes current information,"Prioritize, plan, delegate, use SOPs and split or sectorize workload when needed",2,SUP
,115,Short-term memory typically holds:,Very limited – only one item,About 30 items,Unlimited,A few items of information during a few seconds,4,SUP
,116,Long-term memory stores:,"Reduced alertness, slower reactions and poorer judgement","Knowledge, experience, rules and procedures",Working memory,Fatigue and workload,2,SUP
,117,Working memory is:,"Reduced mental or physical performance caused by sleep loss, circadian effects and workload",A limited-capacity system that temporarily holds and processes current information,Teamwork and communication,"Practice normal, abnormal and emergency situations safely",2,SUP
,118,The purpose of memory study in ATC is:,"Reduced mental or physical performance caused by sleep loss, circadian effects and workload",Understand memory limits and design training and procedures to reduce error,"The mental and physical demand produced by traffic, tasks, time pressure and complexity","Knowledge, experience, rules and procedures",2,SUP
,119,Motivation in ATC refers to:,"Inspiring and developing people through vision, motivation and change",Ensure adequate alertness and maintain safety,"Insufficient sleep, extended duty or night work",The drive or willingness to perform safely and effectively,4,SUP
,120,Transformational leadership focuses on:,Threat and error management,"Guide the team and support safe, orderly and efficient decisions","Inspiring and developing people through vision, motivation and change",Working memory,3,SUP
,121,The purpose of leadership in ATC is:,A deliberate deviation from rules or procedures,Understand memory limits and design training and procedures to reduce error,"Guide the team and support safe, orderly and efficient decisions","Reduced alertness, slower reactions and poorer judgement",3,SUP
,122,Training in ATC is important because:,"Maintain competence, standardization and safety",Continuously assessing traffic and task demand against the controller’s capacity,A response when perceived demands exceed available resources,The approximately 24-hour internal biological cycle,1,SUP
,123,Continuation training ensures:,"Knowledge, experience, rules and procedures","Inspiring and developing people through vision, motivation and change","Practice normal, abnormal and emergency situations safely","Controllers remain competent, current and updated",4,SUP
,124,Simulation training is used to:,Continuously assessing traffic and task demand against the controller’s capacity,A limited-capacity system that temporarily holds and processes current information,"Practice normal, abnormal and emergency situations safely",The approximately 24-hour internal biological cycle,3,SUP
,125,A violation is:,A deliberate deviation from rules or procedures,A response when perceived demands exceed available resources,"Practice normal, abnormal and emergency situations safely","Insufficient sleep, extended duty or night work",1,SUP
,126,The “Swiss Cheese Model” explains:,       Promotes a systematic approach to safety.,      Is a logical and systematic development of the error chain approach to focus on causes of “organizational accidents”.,       Involves recognition that all components of the aviation system can contribute to and detract from safe and effective operations.,      All of above,4,SUP
,127,A steady red light to an aircraft on the ground means:,Vacate the runway,Return to starting point,Cleared to taxi,Stop,4,SUP
,128,A flashing green light to aircraft on the ground means:,Stop,Cleared to taxi,Cleared for take-off,Return to starting point,2,SUP
,129,A flight plan shall be submitted prior to:,A VFR flight cleared by ATC to operate within a CTR in meteorological conditions below VMC,"Yes, unless otherwise prescribed by the appropriate authority",Inform ATC and request an amended clearance,Any flight that requires ATC service or for which a flight plan is prescribed,4,SUP
,130,A flight plan shall be submitted for VFR flight at night in controlled airspace:,Danger area,"Only when authorized and conducted without hazard to other aircraft, persons or property","Yes, unless otherwise prescribed by the appropriate authority",Shall not be operated unless specifically authorized,3,SUP
,131,A flight plan may be submitted during flight when:,"When the pilot needs ATC service or clearance after departure, or must file or change details in flight",As soon as practicable,Shall not be operated unless specifically authorized,A VFR flight cleared by ATC to operate within a CTR in meteorological conditions below VMC,1,SUP
,132,Significant changes to a current flight plan shall be reported to the appropriate ATS unit:,As soon as practicable,"When the pilot needs ATC service or clearance after departure, or must file or change details in flight","ICAO Annex 2 Rules of the Air, without exception",Subject to authorization and without hazard to other traffic,1,SUP
,133,"When a controlled flight experiences radio communication failure, the pilot shall:",Squawk 7600,Squawk 7600 and follow the published radio communication failure procedures,Squawk 7700,Squawk 7500,2,SUP
,134,Minimum VMC flight visibility at or above 10 000 ft AMSL for VFR is:,10 km,15 km,8 km,5 km,3,SUP
,135,VFR flights above FL195 shall:,"When the pilot needs ATC service or clearance after departure, or must file or change details in flight","Yes, unless otherwise prescribed by the appropriate authority",A VFR flight cleared by ATC to operate within a CTR in meteorological conditions below VMC,Shall not be operated unless specifically authorized,4,SUP
,136,An aircraft shall not be operated in a careless or reckless manner so as to endanger life or property on the surface—this is:,Glider operations are in progress,"Yes, unless otherwise prescribed by the appropriate authority",Shall not be operated unless specifically authorized,Prohibited,4,SUP
,137,The term ‘control zone (CTR)’ is:,A controlled airspace extending upwards from the surface of the earth to transition altitude.,A controlled airspace extending upwards from the surface of the earth to transition level,A controlled airspace extending upwards from the surface of the earth to transition layer,A controlled airspace extending upwards from the surface of the earth to a specified upper limit.,1,SUP
,138,A ‘special VFR flight’ is defined as:,A VFR flight cleared by ATC to operate within a CTR in meteorological conditions below VMC,"When the pilot needs ATC service or clearance after departure, or must file or change details in flight",Glider operations are in progress,As soon as practicable,1,SUP
,139,A large white cross placed horizontally on a runway or taxiway indicates:,The runway or taxiway is closed or unfit for aircraft operations,"When the pilot needs ATC service or clearance after departure, or must file or change details in flight",Inform ATC and request an amended clearance,Squawk 7600 and follow the published radio communication failure procedures,1,SUP
,140,Interception — The signal from intercepting aircraft of ‘rocking wings and flashing navigational lights’ means:,Unable to comply,No,You are not to enter this airspace,"Understood, will comply",4,SUP
,141,Ground signal of a white ‘T’ indicates:,Direction to be used for landing and take-off,8 km,Glider operations are in progress,Cleared to taxi,1,SUP
,142,A double white cross (gliding symbol) indicates:,Cleared to taxi,Direction to be used for landing and take-off,As soon as practicable,Glider operations are in progress,4,SUP
,143,Parachute descents are:,Follow the resolution advisory immediately and notify ATC as soon as possible,Prohibited,Shall not be operated unless specifically authorized,"Only when authorized and conducted without hazard to other aircraft, persons or property",4,SUP
,144,Balloon or airship operations:,Prohibited,The runway or taxiway is closed or unfit for aircraft operations,Subject to authorization and without hazard to other traffic,Any flight that requires ATC service or for which a flight plan is prescribed,3,SUP
,145,Aircraft over the high seas shall comply with:,Follow the resolution advisory immediately and notify ATC as soon as possible,Stop,The runway or taxiway is closed or unfit for aircraft operations,"ICAO Annex 2 Rules of the Air, without exception",4,SUP
,146,"At an aerodrome, circuit direction is:","Left-hand, unless otherwise indicated",Stop,8 km,"Yes, unless otherwise prescribed by the appropriate authority",1,SUP
,147,‘Visual meteorological conditions (VMC)’ are:,"Visibility, distance from cloud and ceiling equal to or better than specified minima",Direction to be used for landing and take-off,Prohibited,Inform ATC and request an amended clearance,1,SUP
,148,‘Instrument flight rules (IFR)’ are:,A flight conducted in accordance with the instrument flight rules,A flight conducted in accordance with the general flight rules.,1 or 2,1 and 2,1,SUP
,149,"When a pilot receives an ATC clearance that is unacceptable for safety or operational reasons, the pilot shall:",Inform ATC and request an amended clearance,"Left-hand, unless otherwise indicated","ICAO Annex 2 Rules of the Air, without exception",Stop,1,SUP
,150,Airborne collision avoidance systems (ACAS/TCAS) advisories:,Inform ATC and request an amended clearance,"Visibility, distance from cloud and ceiling equal to or better than specified minima",Any flight that requires ATC service or for which a flight plan is prescribed,Follow the resolution advisory immediately and notify ATC as soon as possible,4,SUP
,151,When should safety reviews be conducted?,Hazard identification and risk assessment,The ATS service provider or appropriate ATS authority,Likelihood and severity of consequences,"Before significant changes, after implementation or incidents, and periodically",4,SUP
,152,Which is NOT an example of safety-enhancing measure?,"Continuous and systematic, using suitable safety indicators",Increasing capacity without a safety assessment,Assigned management and operational personnel,"Identify hazards and assess likelihood, severity and mitigation",2,SUP
,153,Who is responsible for establishing ATS safety management activities?,The aerodrome operator,The appropriate ATS unit,Approach control unit,The ATS service provider or appropriate ATS authority,4,SUP
,154,What is the relationship between safety management and capacity management?,"Identify hazards and assess likelihood, severity and mitigation","Operational, technical, quality, change and capacity management",Increasing capacity without a safety assessment,Capacity management must never compromise safety,4,SUP
,155,Which of the following best describes safety risk assessment?,"Before significant changes, after implementation or incidents, and periodically","Operational, technical, quality, change and capacity management",Hazard identification and risk assessment,"Identify hazards and assess likelihood, severity and mitigation",4,SUP
,156,Which type of review is required after implementation of new ATC systems?,Unrelated commercial or financial performance,"Continuous and systematic, using suitable safety indicators",Post-implementation safety review,Assigned management and operational personnel,3,SUP
,157,What is the aim of safety-enhancing measures?,"Identify hazards and assess likelihood, severity and mitigation",Reduce safety risk to an acceptable level,"Operational, technical, quality, change and capacity management",Likelihood and severity of consequences,2,SUP
,158,Monitoring of safety levels should be:,"Loss of separation, runway incursions or level busts",Reduce safety risk to an acceptable level,Likelihood and severity of consequences,"Continuous and systematic, using suitable safety indicators",4,SUP
,159,What is the ultimate goal of ATS safety management?,Post-implementation safety review,Capacity assessment,Assigned management and operational personnel,Prevent accidents and incidents and maintain an acceptable level of safety,4,SUP
,160,Who is accountable for applying safety-enhancing measures?,The appropriate ATS unit,The rescue coordination centre,Approach control unit,Assigned management and operational personnel,4,SUP
,161,Safety management should integrate with:,Occurrence reporting,"Continuous and systematic, using suitable safety indicators","Operational, technical, quality, change and capacity management",Corrective and preventive action,3,SUP
,162,Which of the following is an example of a safety indicator?,Post-implementation safety review,Likelihood and severity of consequences,"Loss of separation, runway incursions or level busts",Capacity management must never compromise safety,3,SUP
,163,Risk assessment requires evaluating:,Corrective and preventive action,Likelihood and severity of consequences,Safety performance monitoring,Increasing capacity without a safety assessment,2,SUP
,164,Which of these is NOT part of safety management activities?,Safety performance monitoring,"Operational, technical, quality, change and capacity management",Capacity assessment,Unrelated commercial or financial performance,4,SUP
,165,What services are included in ATS?,"Flight administration service, ATC service, air traffic consultancy service and alarming service","Flight administration service, flight information service, air traffic consultancy service and alarming service.","ATC services, flight information service, air traffic consultancy service and alarming service.","Flight administration service, flight information service, air traffic advisory service and alarming service.",1,SUP
,166,How is control divided between ATC units?,"By areas, sectors, levels, routes, phases and defined transfer points","The standardized QNH, QFE or 1013.2 hPa altimeter-setting procedure","All concerned ATS units have current, accurate and consistent data",Authorization for an aircraft to proceed under specified conditions,1,SUP
,167,What document must be submitted before controlled flight?,"By areas, sectors, levels, routes, phases and defined transfer points",Revert to voice or another approved communication method and notify the ATS unit,Flight plan,"Wake turbulence category, aircraft mass and relative sequence or phase",3,SUP
,168,An ATC clearance is defined as:,"The relevant ATS unit, including FIC, ACC, TWR or APP as applicable",Authorization for an aircraft to proceed under specified conditions,"By areas, sectors, levels, routes, phases and defined transfer points",Revert to voice or another approved communication method and notify the ATS unit,2,SUP
,169,Which instruction concerns airspeed restrictions?,Speed control instruction,ICAO wake turbulence procedures based on wake turbulence categories,Weather forecasts,"METAR, SPECI, TAF, SIGMET and AIREP as applicable",1,SUP
,170,What is a vertical speed control instruction?,Contingency procedures and reduced-capacity or separation arrangements,"Wake turbulence category, aircraft mass and relative sequence or phase",ICAO wake turbulence procedures based on wake turbulence categories,An instruction to maintain a specified rate of climb or descent,4,SUP
,171,What must pilots do when changing from IFR to VFR?,Made by pilot-in-command,Suggested by ATC when VMC exist,1 and 2,1 or  2,1,SUP
,172,Wake turbulence separation depends primarily on:,ICAO wake turbulence procedures based on wake turbulence categories,"Wake turbulence category, aircraft mass and relative sequence or phase","By areas, sectors, levels, routes, phases and defined transfer points","CPDLC logon, AFN or another approved data-link initiation procedure",2,SUP
,173,Failure of ATC systems requires:,Contingency procedures and reduced-capacity or separation arrangements,ICAO wake turbulence procedures based on wake turbulence categories,Flight plan,Weather forecasts,1,SUP
,174,Initial data link communications are established by:,Flight plan,Immediately or as soon as practicable,"CPDLC logon, AFN or another approved data-link initiation procedure","The relevant ATS unit, including FIC, ACC, TWR or APP as applicable",3,SUP
,175,Which ATS unit provides alerting service?,Pilot-in-command,The aerodrome operator,"The relevant ATS unit, including FIC, ACC, TWR or APP as applicable",Area control centre,3,SUP
,176,Which is NOT normally part of an ATC clearance?,Immediately or as soon as practicable,Weather forecasts,"By areas, sectors, levels, routes, phases and defined transfer points","Voice, CPDLC or data link, and automated reports such as ADS-C",2,SUP
,177,"In case of system irregularity, pilots must be informed:","Wake turbulence category, aircraft mass and relative sequence or phase","CPDLC logon, AFN or another approved data-link initiation procedure",Immediately or as soon as practicable,An instruction to maintain a specified rate of climb or descent,3,SUP
,178,Which procedures apply to wake turbulence separation?,Flight plan,ICAO wake turbulence procedures based on wake turbulence categories,"The relevant ATS unit, including FIC, ACC, TWR or APP as applicable","All concerned ATS units have current, accurate and consistent data",2,SUP
,179,Which altimeter setting procedure is standardized by ICAO?,"CPDLC logon, AFN or another approved data-link initiation procedure",Speed control instruction,Authorization for an aircraft to proceed under specified conditions,"The standardized QNH, QFE or 1013.2 hPa altimeter-setting procedure",4,SUP
,180,Position reports may be made via:,Immediately or as soon as practicable,Authorization for an aircraft to proceed under specified conditions,"Voice, CPDLC or data link, and automated reports such as ADS-C",An instruction to maintain a specified rate of climb or descent,3,SUP
,181,Meteorological information reports include:,Speed control instruction,"Wake turbulence category, aircraft mass and relative sequence or phase",An instruction to maintain a specified rate of climb or descent,"METAR, SPECI, TAF, SIGMET and AIREP as applicable",4,SUP
,182,"When updating flight plans, the ATS unit must ensure:","All concerned ATS units have current, accurate and consistent data",Flight plan,An instruction to maintain a specified rate of climb or descent,Immediately or as soon as practicable,1,SUP
,183,If communication is lost during DLIC procedure:,ICAO wake turbulence procedures based on wake turbulence categories,"METAR, SPECI, TAF, SIGMET and AIREP as applicable","The relevant ATS unit, including FIC, ACC, TWR or APP as applicable",Revert to voice or another approved communication method and notify the ATS unit,4,SUP
,184,Division of control responsibility ensures:,"Generally smaller than procedural separation, but only where approved",Clear responsibility and safe continuity of control,Diagonal separation,Issue traffic information and ensure both pilots agree and can maintain visual separation,2,SUP
,185,What is the main purpose of separation minima?,"Maintain the prescribed vertical separation minimum, normally 1,000 ft",Clear responsibility and safe continuity of control,Prevent collisions and maintain prescribed spacing,"1,000 ft in RVSM airspace and 2,000 ft outside RVSM",3,SUP
,186,What is the standard vertical separation minimum below FL290?,"1,000 ft","2,000 ft","1,500 ft",500 ft,1,SUP
,187,"Above FL290 up to FL410, the standard vertical separation is:","1,000 ft in RVSM airspace and 2,000 ft outside RVSM","2,000 ft in RVSM and 4,000 ft outside RVSM","1,000 ft in RVSM and 2,000 ft outside RVSM","1,000 ft in all airspace",1,SUP
,188,Separation at same fix but different levels:,"1,500 ft","1,000 ft","2,000 ft","Maintain the prescribed vertical separation minimum, normally 1,000 ft",4,SUP
,189,Separation of arrivals/departures may be reduced when:,Issue traffic information and ensure both pilots agree and can maintain visual separation,Wake turbulence categories and the leader-follower sequence or phase of flight,"Visual contact and runway conditions allow it, and approved reduced-separation procedures are applied","Generally smaller than procedural separation, but only where approved",3,SUP
,190,Wake turbulence longitudinal separation minima are based on:,Wake turbulence categories and the leader-follower sequence or phase of flight,"Visual contact and runway conditions allow it, and approved reduced-separation procedures are applied","1,000 ft in RVSM airspace and 2,000 ft outside RVSM",3 NM where specifically authorized in terminal airspace; otherwise typically 5 NM,1,SUP
,191,"When pilots accept own separation in VMC, ATC must:",Normally 10 minutes before and after the estimated passing time on reciprocal tracks when no lateral separation exists,Clear responsibility and safe continuity of control,Issue traffic information and ensure both pilots agree and can maintain visual separation,"Visual contact and runway conditions allow it, and approved reduced-separation procedures are applied",3,SUP
,192,Reduction in separation minima may be permitted when:,"The appropriate ATS authority has approved it after a safety assessment and the required surveillance, equipment and procedures are available",Diagonal separation,"Generally smaller than procedural separation, but only where approved","1,000 ft in RVSM airspace and 2,000 ft outside RVSM",1,SUP
,193,Separation minima on reciprocal tracks?,Normally 10 minutes before and after the estimated passing time on reciprocal tracks when no lateral separation exists,20 minutes before and after,5 minutes before and after,10 minutes before and after,1,SUP
,194,Horizontal separation minima depend on:,Clear responsibility and safe continuity of control,Normally 10 minutes before and after the estimated passing time on reciprocal tracks when no lateral separation exists,"Navigation method, track geometry and position-reporting or navigation accuracy",3 NM where specifically authorized in terminal airspace; otherwise typically 5 NM,3,SUP
,195,Which is NOT a recognized separation method?,Diagonal separation,Normally 10 minutes before and after the estimated passing time on reciprocal tracks when no lateral separation exists,Wake turbulence categories and the leader-follower sequence or phase of flight,3 NM where specifically authorized in terminal airspace; otherwise typically 5 NM,1,SUP
,196,Radar separation standards compared to procedural:,"Navigation method, track geometry and position-reporting or navigation accuracy",Issue traffic information and ensure both pilots agree and can maintain visual separation,"Generally smaller than procedural separation, but only where approved",Wake turbulence categories and the leader-follower sequence or phase of flight,3,SUP
,197,Minimum radar separation in terminal areas?,3 NM where specifically authorized in terminal airspace; otherwise typically 5 NM,2 NM,3 NM where authorized; otherwise typically 5 NM,5 NM in all cases,1,SUP
,198,What phrase must pilots use to acknowledge radar vectors?,Separation and terrain or obstacle clearance until the aircraft resumes own navigation,Read back the assigned heading,A predicted or coasted track after actual surveillance updates are temporarily lost,Using ATS surveillance to observe an aircraft’s flight path and compliance without necessarily vectoring it,2,SUP
,199,"In case of radar failure, ATC should:",Band all traffic back to the procedural controller immediately,Do his best to provide procedural separation for the aircraft under his control and then hand them back to the procedural controller.,Tell all aircraft under hid control to standby to ask the radio technician to take immediate action to repair the radar,Continue to control his traffic by asking the resume own navigation,2,SUP
,200,ATS surveillance monitoring ensures:,A predicted or coasted track after actual surveillance updates are temporarily lost,Navigate using own means in accordance with the current clearance to the specified route or fix,Emergency,"Aircraft are identified, comply with clearances and conflicts or deviations are detected",4,SUP
,201,What is “radar monitoring”?,Separation and terrain or obstacle clearance until the aircraft resumes own navigation,Detect deviations toward or into the no-transgression zone and issue timely action,Using ATS surveillance to observe an aircraft’s flight path and compliance without necessarily vectoring it,"Permit continuation under specified restrictions using primary radar or procedural separation, or require repair or delay",3,SUP
,202,Radar separation minima depend on:,"Surveillance accuracy, update rate, coverage, communications and the approved local standard",Emergency,"Aircraft are identified, comply with clearances and conflicts or deviations are detected",A predicted or coasted track after actual surveillance updates are temporarily lost,1,SUP
,203,"When applying vectoring, ATC must ensure:",Using ATS surveillance to observe an aircraft’s flight path and compliance without necessarily vectoring it,Navigate using own means in accordance with the current clearance to the specified route or fix,Separation and terrain or obstacle clearance until the aircraft resumes own navigation,A predicted or coasted track after actual surveillance updates are temporarily lost,3,SUP
,204,What is “SSR code 7700”?,Radio communication failure,VFR operation,Emergency,Unlawful interference,3,SUP
,205,Radar monitoring of parallel approaches is used to:,A predicted or coasted track after actual surveillance updates are temporarily lost,Emergency,"Surveillance accuracy, update rate, coverage, communications and the approved local standard",Detect deviations toward or into the no-transgression zone and issue timely action,4,SUP
,206,What must pilots do when instructed to “resume own navigation”?,Detect deviations toward or into the no-transgression zone and issue timely action,"Aircraft are identified, comply with clearances and conflicts or deviations are detected",Read back the assigned heading,Navigate using own means in accordance with the current clearance to the specified route or fix,4,SUP
,207,"When a transponder is unserviceable, ATC may:",Aerodrome control service,Detect deviations toward or into the no-transgression zone and issue timely action,"Permit continuation under specified restrictions using primary radar or procedural separation, or require repair or delay","Aircraft are identified, comply with clearances and conflicts or deviations are detected",3,SUP
,208,What does the term “coast” indicate on a radar display?,Using ATS surveillance to observe an aircraft’s flight path and compliance without necessarily vectoring it,Separation and terrain or obstacle clearance until the aircraft resumes own navigation,Detect deviations toward or into the no-transgression zone and issue timely action,A predicted or coasted track after actual surveillance updates are temporarily lost,4,SUP
,209,What is the primary purpose of coordination between ATC units?,Advise the transferring unit and coordinate alternative conditions or clearance,"Aircraft identification, current flight-plan and control data, position or estimate, level, route or clearance, SSR code and other pertinent information","Acknowledge or accept, or immediately propose necessary amendments","Ensure safe, orderly and continuous transfer of control while maintaining separation",4,SUP
,210,Which of the following is NOT typically included in coordination messages?,"Passenger, catering or other commercial information","Aircraft identification, current flight-plan and control data, position or estimate, level, route or clearance, SSR code and other pertinent information","Ensure safe, orderly and continuous transfer of control while maintaining separation","Acknowledge or accept, or immediately propose necessary amendments",1,SUP
,211,What action should the accepting unit take upon receiving a coordination message?,Coordination and consent or acceptance by the accepting unit,"Passenger, catering or other commercial information","Aircraft identification, current flight-plan and control data, position or estimate, level, route or clearance, SSR code and other pertinent information","Acknowledge or accept, or immediately propose necessary amendments",4,SUP
,212,Under what circumstances may coordination be omitted?,Coordination and consent or acceptance by the accepting unit,Advise the transferring unit and coordinate alternative conditions or clearance,"Ensure safe, orderly and continuous transfer of control while maintaining separation",When prior agreements or letters of agreement establish automatic or standard transfer with no special coordination required,4,SUP
,213,What should be done if the accepting unit cannot accept the coordination as proposed?,Advise the transferring unit and coordinate alternative conditions or clearance,ICAO Doc 4444 plus the applicable Letter of Agreement or local ATS procedures,"Acknowledge or accept, or immediately propose necessary amendments",Coordination and consent or acceptance by the accepting unit,1,SUP
,214,Which document governs the procedures for coordination and transfer of control between ATC units?,ICAO Annex 2,ICAO Annex 11,ICAO Doc 4444 plus the applicable Letter of Agreement or local ATS procedures,Circular 29/2021/TT-BGTVT,3,SUP
,215,What must coordination include when transferring an aircraft?,When prior agreements or letters of agreement establish automatic or standard transfer with no special coordination required,"Acknowledge or accept, or immediately propose necessary amendments",Advise the transferring unit and coordinate alternative conditions or clearance,"Aircraft identification, current flight-plan and control data, position or estimate, level, route or clearance, SSR code and other pertinent information",4,SUP
,216,What is required before transfer of control between ATC units can occur?,"Acknowledge or accept, or immediately propose necessary amendments","Ensure safe, orderly and continuous transfer of control while maintaining separation",Coordination and consent or acceptance by the accepting unit,ICAO Doc 4444 plus the applicable Letter of Agreement or local ATS procedures,3,SUP
,217,When shall an aircraft making a radar approach be reminded to check that the wheels are down and locked?,At 2 NM from touchdown,Only after landing clearance,"On final approach, normally when approaching about 8 NM from touchdown","On final approach, normally near 8 NM from touchdown",3,SUP
,218,"Prior to, or upon commencement of, vectoring for approach, what shall be specified to the pilot?",As required by the appropriate ATS authority and at compulsory reporting points,"Correct, except where specifically authorized by the appropriate ATS authority",The type of approach and runway to be used,Only when authorized and conducted without hazard,3,SUP
,219,An aircraft vectored to intercept a pilot-interpreted final approach aid shall be instructed to:,At a speed that provides adequate opportunity to observe traffic and obstacles and avoid collision,"Separation, C2-link reliability, detect-and-avoid capability, contingency procedures and controller workload",Report established on the final approach track or final approach aid,"Correct, except where specifically authorized by the appropriate ATS authority",3,SUP
,220,Significant changes to a current flight plan shall be reported to the appropriate ATS unit:,"Separation, C2-link reliability, detect-and-avoid capability, contingency procedures and controller workload","At or above 10,000 ft: 8 km; below 3,000 ft or 1,000 ft AGL: normally 5 km",Subject to authorization and without hazard to other traffic,As soon as practicable,4,SUP
,221,"When a controlled flight experiences radio communication failure, the pilot shall:",At a speed that provides adequate opportunity to observe traffic and obstacles and avoid collision,The type of approach and runway to be used,Squawk 7600 and follow the published radio communication failure procedures,"5 km flight visibility, with 1,500 m horizontal and 1,000 ft vertical cloud clearance",3,SUP
,222,Minimum VMC flight visibility at or above 10 000 ft AMSL for VFR is:,5 km,10 km,15 km,8 km,4,SUP
,223,Distance from cloud for VFR at or above 10 000 ft AMSL is:,"1,500 m horizontally and 1,000 ft vertically from cloud","2,000 m horizontally and 1,500 ft vertically","1,000 m horizontally and 500 ft vertically",Clear of cloud only,1,SUP
,224,"Within a control zone (CTR), a Special VFR flight may be authorized to operate:","5 km flight visibility, with 1,500 m horizontal and 1,000 ft vertical cloud clearance","With ATC clearance, clear of cloud, required visibility and visual reference to the surface",Class E,Class A,2,SUP
,225,VFR flights shall not be operated in Class A airspace:,"Correct, except where specifically authorized by the appropriate ATS authority",Class B,Class C,Class F,1,SUP
,226,"For VFR flights below 3 050 m (10 000 ft) and above 900 m (3 000 ft) AMSL or 300 m (1 000 ft) AGL, whichever higher, the minimum flight visibility is:",5 NM,"5 km flight visibility, with 1,500 m horizontal and 1,000 ft vertical cloud clearance","1,200 m",8 NM,2,SUP
,227,"For VFR flights at and above 3 050 M (10 000 FT) AMSL. and below 900 m (3 000 ft) AMSL or 300 m (1 000 ft) AGL, in airspace Classes C/D/E/G, minimum flight visibility is:",8 NM,500 ft,"At or above 10,000 ft: 8 km; below 3,000 ft or 1,000 ft AGL: normally 5 km",5 km,3,SUP
,228,"Helicopters operating VFR may be permitted operate in less than 1 500 M flight visibility, if fly with a flight visibility and clear of cloud lower than fixed-wing minima when:",METAR,At a speed that provides adequate opportunity to observe traffic and obstacles and avoid collision,"When permitted by the State or appropriate authority and the prescribed equipment, weather and ATC requirements are met",TAF,2,SUP
,229,Night VFR operations are permitted:,"With ATC clearance, clear of cloud, required visibility and visual reference to the surface","5 km flight visibility, with 1,500 m horizontal and 1,000 ft vertical cloud clearance",Subject to authorization and without hazard to other traffic,"When permitted by the State or appropriate authority and the prescribed equipment, weather and ATC requirements are met",4,SUP
,230,A VFR flight shall maintain continuous listening watch on the appropriate frequency and report position:,"When permitted by the State or appropriate authority and the prescribed equipment, weather and ATC requirements are met",Squawk 7600 and follow the published radio communication failure procedures,8 km,As required by the appropriate ATS authority and at compulsory reporting points,4,SUP
,231,Parachute descents are:,"When permitted by the State or appropriate authority and the prescribed equipment, weather and ATC requirements are met","Correct, except where specifically authorized by the appropriate ATS authority",Only when authorized and conducted without hazard,Report established on the final approach track or final approach aid,3,SUP
,232,Balloon or airship operations:,Only when authorized and conducted without hazard,"1,500 m horizontally and 1,000 ft vertically from cloud",Subject to authorization and without hazard to other traffic,Report established on the final approach track or final approach aid,3,SUP
,233,Aircraft over the high seas shall comply with:,Report established on the final approach track or final approach aid,ICAO Annex 2 Rules of the Air,"5 km flight visibility, with 1,500 m horizontal and 1,000 ft vertical cloud clearance","Correct, except where specifically authorized by the appropriate ATS authority",2,SUP
,234,"When integrating RPAS into controlled airspace, what must ATC primarily consider?",As required by the appropriate ATS authority and at compulsory reporting points,As soon as practicable,"Separation, C2-link reliability, detect-and-avoid capability, contingency procedures and controller workload",Prohibited area,3,SUP
,235,Why must ATCOs know aircraft wake turbulence category?,Terrain and obstacles while providing a safe path to rejoin the procedure or route,To apply the correct wake turbulence separation minima,"Safe separation and efficient sequencing based on position or ETA, runway, performance, wake category and priority",5 NM,2,SUP
,236,"According to ICAO Annex 14, what determines the required taxiway separation distance between aircraft?",To apply the correct wake turbulence separation minima,"Aerodrome reference code and aircraft dimensions, including wingspan and main-gear span, plus taxiway design and clearance criteria",10 NM,“LINE UP AND WAIT RUNWAY (number)”,2,SUP
,237,What is the typical maximum taxi speed recommended on apron areas?,150 m (492 ft),Terrain and obstacles while providing a safe path to rejoin the procedure or route,"About 10 kt, or the lower speed specified by local procedures",5 NM,3,SUP
,238,Which factor increases jet blast risk on aprons?,“LINE UP AND WAIT RUNWAY (number)”,The pilots have the relevant traffic in sight and can maintain visual separation under prescribed conditions,The published sector in which an aircraft may enter directly without a course-reversal manoeuvre,"High engine thrust, large aircraft, close spacing, confined areas or loose debris",4,SUP
,239,The direct-entry sector to a procedure turn/base turn is:,10 NM,"High engine thrust, large aircraft, close spacing, confined areas or loose debris",The published sector in which an aircraft may enter directly without a course-reversal manoeuvre,"ADS-B performance, integrity, accuracy, continuity, identification, procedures and regulatory approval are adequate",3,SUP
,240,The principal purpose of the intermediate approach segment is to:,"The natural surface of the Earth, including mountains, hills, valleys, water and permanent ice or snow",Terrain is the natural earth surface; obstacles are fixed or mobile objects extending above it or reference surfaces,"Align the aircraft with the final approach course, configure it and stabilize speed or descent for final approach","Aerodrome reference code and aircraft dimensions, including wingspan and main-gear span, plus taxiway design and clearance criteria",3,SUP
,241,Minimum obstacle clearance (MOC) in the intermediate segment (primary area) reduces to:,75 m (246 ft),300 m (984 ft),150 m (492 ft),"450 m (1,476 ft)",3,SUP
,242,The final approach segment is the segment in which:,10 NM,"ADS-B performance, integrity, accuracy, continuity, identification, procedures and regulatory approval are adequate","The aircraft is aligned and descends for landing, ending at a point from which landing or missed approach is initiated","A prominent, easily identifiable feature such as a river bend, lake, town or major road junction",3,SUP
,243,The maximum normal length of the final segment (FAF to MAPt) should not exceed:,10 NM,8 NM,5 NM,15 NM,1,SUP
,244,Which factor is most important in determining sequence for approach?,"A prominent, easily identifiable feature such as a river bend, lake, town or major road junction","The natural surface of the Earth, including mountains, hills, valleys, water and permanent ice or snow",10 NM,"Safe separation and efficient sequencing based on position or ETA, runway, performance, wake category and priority",4,SUP
,245,A missed approach procedure is designed to provide separation from:,Terrain and obstacles while providing a safe path to rejoin the procedure or route,5 NM,"Align the aircraft with the final approach course, configure it and stabilize speed or descent for final approach","A prominent, easily identifiable feature such as a river bend, lake, town or major road junction",1,SUP
,246,"If visual separation is used, what must the controller ensure?",“LINE UP AND WAIT RUNWAY (number)”,"The natural surface of the Earth, including mountains, hills, valleys, water and permanent ice or snow",The pilots have the relevant traffic in sight and can maintain visual separation under prescribed conditions,"Safe separation and efficient sequencing based on position or ETA, runway, performance, wake category and priority",3,SUP
,247,What is the minimum separation between a Heavy and a Medium aircraft on approach?,6 NM,3 NM,5 NM,4 NM,3,SUP
,248,The phraseology for instructing a pilot to line up on the runway is:,“LINE UP AND WAIT RUNWAY (number)”,"The aircraft is aligned and descends for landing, ending at a point from which landing or missed approach is initiated","The natural surface of the Earth, including mountains, hills, valleys, water and permanent ice or snow",The pilots have the relevant traffic in sight and can maintain visual separation under prescribed conditions,1,SUP
,249,Which type of landmark would most likely be used for VFR position reporting?,"A prominent, easily identifiable feature such as a river bend, lake, town or major road junction","High engine thrust, large aircraft, close spacing, confined areas or loose debris",“LINE UP AND WAIT RUNWAY (number)”,"Align the aircraft with the final approach course, configure it and stabilize speed or descent for final approach",1,SUP
,250,Why are prominent landmarks important in a radar environment?,“LINE UP AND WAIT RUNWAY (number)”,The pilots have the relevant traffic in sight and can maintain visual separation under prescribed conditions,"The aircraft is aligned and descends for landing, ending at a point from which landing or missed approach is initiated",They help verify aircraft position and improve pilot and controller situational awareness,4,SUP
,251,"According to ICAO Annex 15, what is the main distinction between terrain and obstacles?",Terrain is the natural earth surface; obstacles are fixed or mobile objects extending above it or reference surfaces,"The aircraft is aligned and descends for landing, ending at a point from which landing or missed approach is initiated",The pilots have the relevant traffic in sight and can maintain visual separation under prescribed conditions,"Buildings, towers or other man-made structures",1,SUP
,252,"According to ICAO Annex 15, how is terrain defined?","ADS-B performance, integrity, accuracy, continuity, identification, procedures and regulatory approval are adequate",5 NM,"The natural surface of the Earth, including mountains, hills, valleys, water and permanent ice or snow",Terrain and obstacles while providing a safe path to rejoin the procedure or route,3,SUP
,253,Which of the following is not considered part of terrain under ICAO?,"Align the aircraft with the final approach course, configure it and stabilize speed or descent for final approach","The aircraft is aligned and descends for landing, ending at a point from which landing or missed approach is initiated",5 NM,"Buildings, towers or other man-made structures",4,SUP
,254,"The approach sequence shall be established in a manner which will facilitate arrival of the maximum
number of aircraft with the least average delay. Priority shall be given to:","an aircraft which anticipates being compelled to land because of factors affecting the safe operation of the aircraft (engine failure, shortage of fuel, etc.);",hospital aircraft or aircraft carrying any sick or seriously injured person requiring urgent medical attention;,aircraft engaged in search and rescue operations; and other aircraft as may be determined by the appropriate authority.,All of above,4,SUP
,255,"ADS-B may be used alone, including in the provision of separation between aircraft, provided:",10 NM,"The natural surface of the Earth, including mountains, hills, valleys, water and permanent ice or snow",Terrain is the natural earth surface; obstacles are fixed or mobile objects extending above it or reference surfaces,"ADS-B performance, integrity, accuracy, continuity, identification, procedures and regulatory approval are adequate",4,SUP
,256,What is minimum sector altitude (MSA)?,The lowest altitude which may be used which will provide a minimum clearance of 300 m (1000 ft) above all objects located in an area contained within a sector of a circle of 46 km (25 NM) radius centered on a radio aid to navigation.,The lowest altitude which may be used which will provide a minimum clearance of 600 m (2000 ft) above all objects located in an area contained within a sector of a circle of 46 km (25 NM) radius centered on a radio aid to navigation.,The lowest altitude which may be used which will provide a minimum clearance of 300 m (1000 ft) above all objects located in an area contained within a sector of a circle of 55km (30 NM) radius centered on a radio aid to navigation.,The lowest altitude which may be used which will provide a minimum clearance of 300 m (1000 ft) above all objects located in an area contained within a sector of a circle of 28km (15 NM) radius centered on a radio aid to navigation.,1,SUP
,257,An IFR flight may be cleared to execute a visual approach provided the pilot can maintain visual reference to the terrain and:   ,the reported ceiling is at or above the level of the beginning of the initial approach segment for the aircraft so cleared; or,the pilot reports at the level of the beginning of the initial approach segment or,at any time during the instrument approach procedure that the meteorological conditions are such that with reasonable assurance a visual approach and landing can be completed.,All of above,4,SUP
,258,When must a pilot transmit an AIREP SPECIAL?,Only after landing at the destination,For every routine position report regardless of weather,"When hazardous conditions such as severe turbulence or icing, thunderstorms, volcanic ash or similar phenomena are encountered",Only when requested by the airline dispatcher,3,SUP
,259,What must ATS do upon receiving an AIREP SPECIAL?,Retain it locally until the end of the shift,Forward it only to the aircraft operator,Forward it without delay to the meteorological watch office and other aircraft or ATS units as appropriate,Convert it into a NOTAM before dissemination,3,SUP
,260,How does an AIREP differ from a PIREP?,There is no difference; both are runway inspection reports,AIREP is a ground report while PIREP is a satellite report,AIREP is the ICAO-standard air-report; PIREP is a nationally used term for a pilot weather report,AIREP is only for military flights while PIREP is only for civil flights,3,SUP
,261,The code +TSRA means:,Moderate thunderstorm with rain,Heavy thunderstorm with rain,Light thunderstorm with rain,Thunderstorm with rain,2,SUP
,262,"In METAR, BKN means:",Few cloud covering 1 to 2 oktas,Scattered cloud covering 3 to 4 oktas,Overcast cloud covering 8 oktas,Broken cloud covering 5 to 7 oktas,4,SUP
,263,A TAF is usually valid for:,6 or 9 hours,72 hours,"Normally 24 or 30 hours, depending on aerodrome and State procedures",12 hours only,3,SUP
,264,Unit issued METAR/TAF:,The aircraft operator only,The aerodrome control tower only,"The aerodrome meteorological office or station, or a designated aviation MET provider",The rescue coordination centre,3,SUP
,265,METAR/TAF are disseminated via:,Public social-media channels,AFTN or AMHS and approved OPMET dissemination systems or databases,Voice radio only,Postal or courier service,2,SUP
,266,A TAF contains:,Only search-and-rescue contact details,Only current NOTAM information,Only runway pavement condition,"Forecast surface wind, visibility, significant weather, cloud or vertical visibility and expected changes",4,SUP
,267,"In SAR operations, what does “rescue” mean?",Locate a missing aircraft without providing assistance,"Retrieve persons in distress, provide initial assistance and deliver them to a place of safety",Publish aeronautical information after the event,Issue an ATC clearance to the accident site,2,SUP
,268,"Upon receiving a distress signal, which authority is responsible for notifying the ARCC?",The ATS unit receiving the distress or alerting information,The aircraft operator only,The aeronautical information service,The aerodrome meteorological office,1,SUP
,269,In which situation is “MAYDAY” used?,Urgency without immediate danger,Routine operational inconvenience,Distress: grave and imminent danger requiring immediate assistance,Request for traffic information,3,SUP
,270,In which situation is “PAN PAN” used?,Cancellation of a flight plan,Routine position reporting,Grave and imminent danger requiring immediate assistance,Urgency: safety is involved but immediate assistance is not yet required,4,SUP
,271,When is an aircraft considered “missing” under ICAO SAR provisions?,Immediately after one missed position report,Only after wreckage has been located,Whenever the aircraft changes route,When overdue or missing after failed communication and search checks and the distress phase is declared,4,SUP
,272,What is the primary difference between an “accident” and an “incident”?,An accident is always intentional; an incident is always accidental,"An accident involves death or serious injury, substantial damage, or a missing or inaccessible aircraft; an incident affects or could affect safety but does not meet accident criteria",There is no regulatory distinction,An accident occurs only on the ground; an incident occurs only in flight,2,SUP
,273,Which authority is responsible for State-level organization of aviation SAR in Vietnam?,Civil Aviation Authority of Vietnam,Vietnam Air Traffic Management,Southern Region Air Traffic Service,Ministry of Defence,1,SUP
,274,Which phrase corresponds to the “distress signal” in radiotelephony?,ROGER,MAYDAY,PAN PAN,SECURITE,2,SUP
,275,Which ICAO Annex covers “Alerting Service” provided by ATS?,ICAO Annex 10,ICAO Annex 3,ICAO Annex 14,ICAO Annex 11,4,SUP
,276,Which ICAO document provides global SAR procedures and techniques?,"ICAO or IMO IAMSAR Manual, Doc 9731",ICAO Doc 8168,ICAO Doc 9859,ICAO Doc 4444,1,SUP
,277,Which Vietnamese regulation provides detailed guidance on aviation SAR operations?,Nghị định 125/2015/NĐ-CP on flight operation management,Thông tư 19/2017/TT-BGTVT on air navigation services,Decision 33/2012/QĐ-TTg on civil aviation search and rescue coordination,Circular 29/2021/TT-BGTVT on airport management,3,SUP
,278,Which Vietnamese regulation requires every airport to have an Airport Emergency Plan (AEP)?,ICAO Annex 3,ICAO Doc 4444,Decision 33/2012/QĐ-TTg on aviation SAR coordination,Circular 29/2021/TT-BGTVT on airport and aerodrome management and airport emergency planning,4,SUP
,279,What is the primary purpose of the Aeronautical Fixed Telecommunication Network (AFTN) in SAR operations?,Replacing all air-ground voice communication,Publishing long-term aerodrome development plans,"Rapid transmission of alerting, distress and SAR coordination messages between ATS, RCC or ARCC and related units",Broadcasting entertainment information to passengers,3,SUP
,280,Which message type is used to alert the ARCC of an aircraft in distress through the AFTN?,"FPL, filed flight plan message","CNL, cancellation message","CHG, change message","ALR, the alerting message",4,SUP
,281,"In SAR operations, what does the term “On-Scene Commander (OSC)” mean?",The person designated to coordinate SAR operations at the accident or distress scene,The controller responsible for all national airspace,The pilot-in-command of the nearest scheduled flight,The meteorological observer at the destination,1,SUP
,282,Minimum flight altitude ensures (according to Annex II rules of the air):,At least 300m(1000ft) above MSL.,At least 300m(1000ft) above terrain.,"At least 300m(1000ft) above highest obstacle in plain area, 600m above highest obstacle in high terrain mountainuos area.",Non of the above.,3,SUP
,283,The final vector shall enable the aircraft to be established in level flight on the final approach track prior to intercepting the specified or nominal glide path if an ILS or radar approach is to be made and should provide an intercept angle with the final approach track of …,30 degrees or less,45  degrees or less,25  degrees or less,Non of above,2,SUP
,284,"Prior to commencement of a radar approach, the aircraft shall be informed of: ","the runway to be used; the applicable obstacle clearance altitude/height; the angle of the nominal glide path and, if so prescribed by the appropriate ATS authority or requested by the aircraft, the approximate rate of descent to be maintained; the procedure to be followed in the event of radio communication failure , unless the procedure has been published in AIPs.",the runway to be used; the applicable obstacle clearance altitude/height;,"the runway to be used; the angle of the nominal glide path and, if so prescribed by the appropriate ATS authority or requested by the aircraft, the approximate rate of descent to be maintained;","the runway to be used; the procedure to be followed in the event of radio communication failure, unless the procedure has been published in AIPs.",1,SUP
,285,"When two aircraft are approaching head-on or approxiamtely so, each shall alter its heading:",To the left,To the right.,Upwards,Downwards,2,SUP
,286,"According to ICAO Doc 4444, what is the primary purpose of providing ATS surveillance services? ",Air traffic advisory service,Area control service,"Provide accurate aircraft-position information to support separation, monitoring, vectoring and traffic information",Prohibited,3,SUP
,287,Which of the following is not a recognized method for aircraft identification as per ICAO Doc 4444?,Identification solely by pilot-reported altitude or aircraft colour or visual appearance,"The remote pilot is the pilot-in-command responsible for safe operation, compliance, the C2 link and contingency procedures","SSR Mode S or ADS-B, PSR or SSR, multilateration or another approved surveillance or remote-identification system",Shall not be operated unless authorized by the appropriate ATS authority and subject to prescribed conditions,1,SUP
,288,"From sunset to sunrise, an aircraft operating on the movement area shall display:","Navigation or position lights and anti-collision lights, plus required extremity or movement lights","SSR Mode S or ADS-B, PSR or SSR, multilateration or another approved surveillance or remote-identification system","The remote pilot is the pilot-in-command responsible for safe operation, compliance, the C2 link and contingency procedures",Shall not be operated unless authorized by the appropriate ATS authority and subject to prescribed conditions,1,SUP
,289,The signal ‘series of red flashes’ directed to an aircraft in flight from aerodrome control means:,Not withstanding any other instructions do not land at the moment,"Airfield is unsafe, do not land",Return to airfield and land,Give way to another aircraft and remain in the circuit,1,SUP
,290,A steady green light to an aircraft in flight indicates:,Return for landing,Cleared to land,Give way and continue circling,"Aerodrome unsafe, do not land",2,SUP
,291,VFR flights above FL195 shall:,"The remote pilot is the pilot-in-command responsible for safe operation, compliance, the C2 link and contingency procedures",Identification solely by pilot-reported altitude or aircraft colour or visual appearance,Cleared to land,Shall not be operated unless authorized by the appropriate ATS authority and subject to prescribed conditions,4,SUP
,292,An aircraft shall not be operated in a careless or reckless manner so as to endanger life or property on the surface—this is:,Cleared to land,"The remote pilot is the pilot-in-command responsible for safe operation, compliance, the C2 link and contingency procedures",Prohibited,"SSR Mode S or ADS-B, PSR or SSR, multilateration or another approved surveillance or remote-identification system",3,SUP
,293,Interception — The signal from intercepting aircraft of ‘rocking wings and flashing navigational lights’ means:,Unable to comply,No,You are not to enter this airspace,"Understood, will comply",4,SUP
,294,What surveillance systems are recommended for tracking RPAS in controlled airspace?,Control area (CTA),"SSR Mode S or ADS-B, PSR or SSR, multilateration or another approved surveillance or remote-identification system",Class C,Restricted area,2,SUP
,295,What is the role of the remote pilot in RPAS operations?,Prohibited,Shall not be operated unless authorized by the appropriate ATS authority and subject to prescribed conditions,"The remote pilot is the pilot-in-command responsible for safe operation, compliance, the C2 link and contingency procedures","Navigation or position lights and anti-collision lights, plus required extremity or movement lights",3,SUP
,296,"In planning procedures, which bearing shall be used?","Magnetic bearings or tracks, unless otherwise specified",True bearings only,Relative bearings only,Grid bearings only,1,SUP
,297,"When procedures are designed for use in mountainous areas, MOC should be________.",The missed approach point (MAPt),"Magnetic bearings or tracks, unless otherwise specified","Increased, normally doubled where required in mountainous areas",Final approach segment,3,SUP
,298,Initial approach segment may be designed using?,The missed approach point (MAPt),"Straight-in, racetrack or reversal procedures, including RNAV T-bar or Y-bar segments where applicable",The relevant runway threshold elevation,Final approach segment,2,SUP
,299,"In an instrument approach procedure, the segment in which alignment and descent for landing are made is called________.","Increased, normally doubled where required in mountainous areas",Final approach segment,"Straight-in, racetrack or reversal procedures, including RNAV T-bar or Y-bar segments where applicable",The relevant runway threshold elevation,2,SUP
,300,"In a precision approach procedure, what is the OCH referenced to?",The relevant runway threshold elevation,Aerodrome elevation,Mean sea level,Highest obstacle elevation,1,SUP
,301,"In RNAV T-Bar and Y-Bar procedure, the missed approach segment starts with________.","Increased, normally doubled where required in mountainous areas",Final approach segment,The relevant runway threshold elevation,The missed approach point (MAPt),4,SUP
,302,Vertical limitation of the prohbited area over HoChiMinh city (VVP4) is:,From ground up to 3000m,From ground up to 2700m,From ground up to 1500m,From ground up to unlimited,1,SUP
,303,Airspace in TSN CTR is classified as :,Class A,Class B,Class C,Class D,3,SUP
,304,Vertical limitation of the Bien Hoa Restricted Area (VVR19) is:,From ground up to 7000m,From ground up to 4000m,From ground up to 3000m,From ground up to unlimited,1,SUP
,305,"When VIP arrives, airport operation will be restricted: ","05 minutes before landing time of VIP flight, the reserved RWY for VIP flight should be clear","05 minutes before landing time of VIP flight, all RWYs should be clear","05 minutes after VIP flight lands, that RWY can resume normal operation",None of the above,1,SUP
,306,"When VIP departs, airport operation will be restricted: ","05 minutes before VIP flight lines up, the reserved RWY for VIP flight should be clear","05 minutes before departure time of VIP flight, all RWYs should be clear.","05 minutes after VIP flight takes off, that RWY can resume normal operation",None of the above,1,SUP
,307,"When VIP arrives, the reserved RWY for VIP flight will be available: ",When VIP flight stops at the parking,After VIP flight vacates the RWY,05 minutes after VIP flight lands,None of the above,2,SUP
,308,"When VIP departs, the reserved RWY for VIP flight will be available:",03 minutes after VIP flight takes off,After VIP flight is airborne,05 minutes after VIP flight takes off,None of the above,2,SUP
,309, What is the frequency of DVOR/DME  TSH ?,118.7 MHz,118.7 KHz,116.7 MHz,116.7 KHz,3,SUP
,310,TSN TMA has lower limit :,From Ground,From 300 M,From 450 M,From 600 M,4,SUP
,311,Which feature does ATC use to measure distance between two targets on SMR display ?,Measure,Vector,Calculate,Non of above,2,SUP
,312,The warning RWY incursion distance from RWY centerline of TSN SMR system is:,70m,75m,80m,95m,4,SUP
,313,Collision warning on RWY of TSN SMR when:,Appear two apposite targets with velocity 5m/s or more,"Appear two same direction targets, and the speed of succeeding target is 7m/s or more compare to the preceeding target",1 and 2,1 or 2,4,SUP
,314,Collision Alerting on RWY of TSN SMR when:,Appear two apposite targets with velocity more than 5m/s,"Appear two same direction targets, and the speed of succeeding target is more than 9m/s compare to the preceeding target",1 or 2,1 and 2,3,SUP
,315,What is the interval of ATIS system at TSN airport ?,15 seconds,30 seconds,45 seconds,60 seconds,1,SUP
,316,The AFTN address of TSN TWR is:,VVTSZPZX,VVTSZAZX,VVTSZTZX,VVTSZYZX,3,SUP
,317,How many surveillance Radar at TSN airport ?,1,2,3,4,2,SUP
,318,What is the coverage of surveillance Radar (SSR) at TSN airport ?,200NM,250NM,250km,200km,2,SUP
,319,What is the coverage of PSR at TSN airport ?,100 km,80 km,160 km,80 NM,4,SUP
,320,The distance from the displaced threshold RWY 07R to DVOR/TSH is:,314 m,325 m,"1,200 m",905.7 m,4,SUP
,321,The frequency of NDB/GN is:,320 KHz,326 KHz,343 KHz,375 KHz,3,SUP
,322, The distance from the threshold RWY 25L to NDB/GN is:,960m,970m,980m,977m,4,SUP
,323,The position of ILS/GP- DME RWY 25R is:,905.7 m from the RWY 25R threshold,325 m from the RWY 25R threshold,The GP/DME ILS RWY 25R is 314 m from the RWY 25R threshold,"1,200 m from the RWY 25R threshold",3,SUP
,324,Refer to AIP Viet Nam: Elevation of threshold RWY 07R:,"9,9m",10m,"6,1m","5,4m",4,SUP
,325,The distance from ILS/LZZ RWY 25R to threshold of RWY 07L:,430m,340m,530m,350m,2,SUP
,326,"According to the current regulations , what is the parking number used for unlawful interference aircraft ?",North South TWY,Parking 70  2E,Parking 50,All of the above,2,SUP
,327,The distance from NDB GN to threshold of RWY 25L:,960m,970m,980m,977m,4,SUP
,328,Refer to AIP Viet Nam: Elevation of  threshold RWY 25R:,"9,9m",10m,"6,1m",5m,2,SUP
,329,"At TSN airport , TORA of runway 25L is :",3036m,3059m,3800m  3828m,4100m,3,SUP
,330,The distance from ILS/LZZ RWY 25R to threshold of RWY 07L:,430m,340m,530m,350m,2,SUP
,331,Aerodrome is: ,"A defined area on land (including any buildings, installations and equipment) intended to be used either wholly or in part for the arrival, departure and surface movement of aircraft.","A defined area on water (including any buildings, installations and equipment) intended to be used either wholly or in part for the arrival, departure and surface movement of aircraft.","A defined area (including any buildings, installations and equipment) intended to be used either wholly or in part for the arrival, departure and surface movement of aircraft.","A defined area on land or water (including any buildings, installations and equipment) intended to be used either wholly or in part for the arrival, departure and surface movement of aircraft.",4,SUP
,332,Heliport:,An aerodrome or a defined area on a structure intended to be used wholly or in part for the arrival and surface movement of helicopters.,An aerodrome or a defined area on a structure intended to be used wholly or in part for the departure and surface movement of helicopters.,An aerodrome or a defined area on a structure intended to be used wholly or in part for the en-route and surface movement of helicopters.,"An aerodrome or a defined area on a structure intended to be used wholly or in part for the arrival, departure and surface movement of helicopters.",4,SUP
,333,Manoeuvring area.,That part of an aerodrome to be used for the take-off aircraft.,"That part of an aerodrome to be used for the take-off, landing and taxiing of aircraft, excluding aprons.",That part of an aerodrome to be used for landing aircraft.,That part of an aerodrome to be used for the taxiing of aircraft.,2,SUP
,334,Movement area.,"That part of an aerodrome to be used for the take-off, landing and taxiing of aircraft, consisting of the manoeuvring area and the apron.","That part of an aerodrome to be used for the take-off, landing and taxiing of aircraft.","That part of an aerodrome to be used for the take-off and taxiing of aircraft, consisting of the manoeuvring area and the apron.","That part of an aerodrome to be used for the landing and taxiing of aircraft, consisting of the manoeuvring area and the apron.",1,SUP
,335,What is the frequency of LLZ RWY 25L?,SGN 333.5Mhz,SGN 329.6Mhz,SGN 110.5Mhz,SGN 108.3Mhz,4,SUP
,336,What is the frequency of LLZ RWY 07R?,ITS 108.3Mhz,ITS 329.6Mhz,ITS 110.5Mhz,ITS 111.7Mhz,4,SUP
,337,What is the frequency of GP/DME RWY 25L?,333.5Mhz/ CH 54X,329.6Mhz/ CH 42X,108.3Mhz/ CH20X,334.1Mhz/ CH20X,4,SUP
,338,What is the frequency of GP/DME RWY 07R?,334.1Mhz/ CH20X,329.6Mhz/ CH 42X,108.3Mhz/ CH20X,333.5Mhz/ CH 54X,4,SUP
,339,What is the frequency of LLZ RWY 25R?,HCM 334.1Mhz,HCM 329.6Mhz,HCM 333.5Mhz,HCM 110.5Mhz,4,SUP
,340,The range of the SSR?PSR radar station located at Tan Son Nhat airport are  as  follows:,"SSR: 200NM, PSR: 30NM.","SSR: 200NM, PSR: 200NM.","SSR: 250NM, PSR: 40NM.","SSR: 250NM, PSR: 80NM.",4,SUP
,341,Dimensions of  RWY STRIP available for aircraft landing in emergency at Tân Sơn Nhất:,2000 x 75 (m),2200 x 75 (m),2400 x 75 (m),3000 x 75 (m),1,SUP
,342,Displace threshold of RWY07R :,769m,790m,500m,400m,1,SUP
,343,"According to Decision of CAAV number 141/QĐ-CHK, visual departure can be made:","On pilot’s request or ATC suggestion at night time only, and the WX is in VMC on rolling and climb-out segment",On pilot’s request at day time only and the WX is in VMC on rolling and climb-out segment,On pilot’s request or ATC suggestion at day time only.,None of the above,2,SUP
,344,"Flight permission granted to flights arriving and departing at the airports of Viet Nam shall become effective at 12 (twelve) hour prior to and until … hours after the ETA, ETD indicated in the permission.",6,12,18,24,4,SUP
,345,Over-flight permission shall become effective 03(three) hours prior to and until … hours after estimated over-flight time indicated in the flight permission.,12,24,48,72,4,SUP
,346,"According to Decision of CAAV number 141/QĐ-CHK, visual departure can be made:","On pilot’s request or ATC suggestion at night time only, and the WX is in VMC on rolling and climb-out segment",On pilot’s request at day time only and the WX is in VMC on rolling and climb-out segment,On pilot’s request or ATC suggestion at day time only.,None of the above,2,SUP
,347,"According to Decision of CAAV number 141/QĐ-CHK, visual departure can be made","On pilot’s request or ATC suggestion at night time only, and the WX is in VMC on rolling and climb-out segment",On pilot’s request at day time only and the WX is in VMC on rolling and climb-out segment,On pilot’s request or ATC suggestion at day time only.,None of the above,2,SUP
,348,Converted time to change from primary system to secondary system of VOR/DME system does not exceed :,10s,15s,20s,25s,2,SUP
,349,Converted time to change from primary system to secondary system of ILS system does not exceed :,5s,10s,15s,20s,1,SUP
,350,The vertival coverage of TSN SMR is:,68m (MSL),78m (MSL),68m (Mức cao sb),None of above,3,SUP
,351,SMR stands for:,Surface movement radar,Surface move radar,Surface modoration radar,None of above,1,SUP
,352,"Reference to AIP Viet Nam, The Class D airspace are classified and designated in accordance with the following :","The responsibility areas of the TWRs at the civil aerodromes, the aerodromes (using both civil and military) over the territory of Viet Nam (except CTR of Noi Bai , Da Nang, Tan Son Nhat).","On the ATS routes: From minimum flight level to 6 000 M.
TMA: Noi Bai, Tan Son Nhat.
CTR: Noi Bai, Tan Son Nhat, Da Nang","Unspecified airspace;
The responsibility areas of the TWRs of which operations are based on time limits or from sunrise to sunset: out of operation time and service provided.","Above 14 000 M
Lateral limit: Ha Noi and Ho Chi Minh FIRs.
From 2 000 M to 6 000 M
Lateral limit: Ha Noi and Ho Chi Minh FIRs, except ATS routes and TMA, CTR of C and D classes.",1,SUP
,353,"Reference to AIP Viet Nam, The Class E airspace are classified and designated in accordance with the following :","Lateral limit: Ha Noi and Ho Chi Minh FIRs
Vertical limit: from 6 000 M to 14 000 M","On the ATS routes: From minimum flight level to 6 000 M.
TMA: Noi Bai, Tan Son Nhat.
CTR: Noi Bai, Tan Son Nhat, Da Nang","Unspecified airspace;
The responsibility areas of the TWRs of which operations are based on time limits or from sunrise to sunset : out of operation time and service provided.","Above 14 000 M
Lateral limit: Ha Noi and Ho Chi Minh FIRs.
From 2 000 M to 6 000 M
Lateral limit: Ha Noi and Ho Chi Minh FIRs, except ATS routes and TMA, CTR of C and D classes.",3,SUP
,354,The request to change from IFR flight to VFR flight is:,Made by pilot-in-command,Suggested by ATC when VMC exist,1 and 2,1 or  2,1,SUP
,355,The speed reductions not exceeding plus/minus 40km/h (20kt) IAS should be used for :,Aircraft on inital and intermediate approach segments.,Aircraft on  intermediate approach segments.,Aircraft on intermediate  and final approach segments.,Aircraft on final approach segments.,3,SUP
,356,Radar separation based upon primary radar shall be the distance:,Between the edges of the radar blips,Between the centers of the radar blips.,Between the edges of one blip and the center of the other.,Between the nearest edges of  the blips.,2,SUP
,357,Transfer of identity of a radar blip from the radar controller to another should be attempted wheen it is considered that:,The aircraft is on the frequency of the accepting controller.,The aircraft is over the common boundary.,The aircraft is within the coverage of the accepting controller’s rasdar display.,The aircraft reports over the last fix displayed on the radar display of transferring controller.,3,SUP
,358,"For traffic on reciprocal tracks where lateral separation is not provide, vertical separation shall be kept at least…………prior to and after the time the aircraft are estimated to pass, or are estimated to have passed.",10 minutes,5 minutes,15minutes,As long as the aircraft are estimated to have passed each other.,1,SUP
,359,"According to the 125 Decree on Air Traffic Management: The Operation Department (Ministry of Nation Defense) shall designate and  air traffic control services, aeronautical information services providers of danger areas at least………hours prior any operations performed that may give risk to civil flight operations.",12,24,48,72,2,SUP
,360,"The generation of minimum safe altitude warnings is a function of an ATC radar-processing system. The objective of the MSAW function is to assist in the prevention of controlled flight into………………accidents by generating in a timely manner, a warning of the possible infringement of a minimum safe altitude.",Traffic,Moutain,Terain,Balloon,3,SUP
,361,"The criterion which shall be used to determine that a specific level is occupied by an aircraft shall be +_60m(200ft) in RVSM airspace. In  other airspace, it shall be………..,except that the appropriate ATS authority may specify a smaller criterion, but not less than +_60m(200ft), if this is found to be more practical.",+_90m(300ft),    +_60m(200ft),    +_30m(100ft),    +_120m(400ft),1,SUP
,362,"When SSR radar is not available, radar identification may be achieved by instructing the aircraft to make heading changes of at least:",10 degrees,20 degrees,30 degrees,40 degrees,3,SUP
,363,Vertical separation if other known traffic behind aircraft dumping fuel within 15 minutes flying time or a distance of 93km (50NM) by at least 300m (1000ft) if above the aircraft dumping fuel; and,At least 600m (2000ft) if below the aircraft dumping fuel.,At least 300m (1000ft) if below the aircraft dumping fuel.,At least 900m (3000ft) if below the aircraft dumping fuel.,At least 1200m (4000ft) if below the aircraft dumping fuel.,3,SUP
,364,"Whenever a code is assigned to an aircraft, the setting of this code shall be verified by controller:",At the first contact.,At the second communication,At the appropriate opportunity,At the earliest opportunity,4,SUP
,365,The Director of Airport Authority shall decide to temporarily close an airport or aerodrome for not more than ……….hours and report such decision to the Minister of Transport without delay.,72,48,36,24,4,SUP
,366,Who have  the right to open an airport or aerodrome   based on the airport or aerodrome system plans?,The Prime Minister,The Minister of Transport,The Director of Airport Authority,None of above,1,SUP
,367,"Vietnamese and foreign aircraft operating international flights shall be permitted only to take off and land at the international  airports. In the case of take off and landing at domestic airports  or aerodromes, the shall acquire approval from the:",The Minister of Transport,The  Director of Airport Authority,The Prime Minister,Minister of  Nation Defense,3,SUP
,368,The establishment and operation of airways shall be approved by:,The Prime Minister,The Minister of Transport,General Director of VATM,The Minister of Nation Defense,1,SUP
,369,Who has the right to grant flight permission to foreign VIP flights carrying the guests of the Party and State and escorting flights or other flights associated with the VIP flight.,The Prime Minister,The Minister of Transport,Minister of  Nation Defense,Ministry of Foreign Affairs,4,SUP
,370,"…………………shall decide to establish the prohibited and restricted area inthe territory of VietNam in order to ensure the national defense, security, and social safety.",The Prime Minister,The Minister of Transport,Minister of  Nation Defense,Ministry of Foreign Affair,1,SUP
,371,"If an arriving aircraft is making a straight-in approach, a departing aircraft may take off in any direction until……….. before the arriving aircraft is estimated to be over the instrument runway.",10 minutes.,2 minutes.,5 minutes.,3 minutes.,3,SUP
,372,"If an arriving aircraft is making a complete instrument approach, a departing aircraft may take off in any direction until:",The arriving aircraft has started its procedure turn or base turn leading to final approach.,The arriving aircraft has commenced initial approach.,The arriving aircraft has entered ILS glide path.,The pilot of the arriving aircraft has observed the departing aircraft.,1,SUP
,373,Radar separation between two wake turbulence category “ HEAVY” aircrafts on final shall be at least:,3NM.,4NM.,5NM.,6NM.,2,SUP
,374,"When aircraft operating within controlled airspace needs to dump fuel, the flight crew shall advise ATC. The ATC unit should then coordinate with the flight crew the following: the route to be flown, which, if possible, should be clear of cities and towns, preferably over water and away from areas where thunderstorms have been reported or are expected; The duration of the fuel dumping;The level to be used, which should be not less than……….",       1800m(6000ft).,      1500m(5000ft),       1200m(4000ft).,      900m(3000ft).,1,SUP
,375,Other known traffic should be separated from the aircraft dumping fuel by:,"At least 19km(10NM) horizontally, but not behind the aircraft dumping fuel.",Vertical separation if behind the aircraft dumping fuel within 10 minutes flying time or a distance of 93km(50NM)….,"At least 19km(10NM) horizontally, but not front of the aircraft dumping fuel.","At least 37km(20NM) horizontally, but not behind the aircraft dumping fuel.",1,SUP
,376,"To determine effect of wake turbulence, aircraft are grouped into the following categories:","CAT I, CAT II, CAT III;","SMALL, MEDIUM, LARGE;","LIGHT, MEDIUM, HEAVY;","CAT A, CAT B, CAT C.",3,SUP
,377,The controller shall…………. To ascertain that the clearance or instruction has been correctly acknowledge by flight crew and shall take immediately action to correct any discrepancies revealed by the………….,Observe…….listen,Readback………listen.,Listen……….readback., Readback……readback.,3,SUP
,378,Minimum flight altitude ensures (according to Annex II rules of the air):,At least 300m(1000ft) above MSL.,At least 300m(1000ft) above terrain.,"At least 300m(1000ft) above highest obstacle in plain area, 600m above highest obstacle in high terrain mountainuos area.",Non of the above.,3,SUP
,379,Which aircraft along the following has first priority:,Departing aircraft.,Taxiing aircraft.,Arriving aircraft on final approach.,Arriving aircraft in the traffic pattern.,3,SUP
,380,An aircraft making a radar approach should be advised to consider executing a missed approach if the aircraft is not visible on the radar display for significant interval during the last…….. of the approach.,5 NM,4 NM,3 NM,2NM,4,SUP
,381,Speed adjustments may not be requested or applied after the aircraft has passed a point of…………… from the threshold on final approach: ,3 NM,4 NM,5 NM,8 NM,2,SUP
,382,"Before providing radar service to an aircraft, the radar controller shall:",Establish radar identity of that aircraft.,Provide the radar information to the aircraft.,Request the pilot to change heading 30 degrees or more.,Instruct the pilot to operate SPI feature.,1,SUP
,383,"When two or more aircraft are at the same cruising level, the……aircraft shall normally have priority:",Preceding,Succeeding,Fastest,Biggest,1,SUP
,384,Time separation minima between holding aircraft in a holding pattern and en-route aircraft which are on the same flight level is:,10 minutes,5 minutes,3 minutes,As long as outbound time is,2,SUP
,385,"A light aircraft is approaching for landing behind a heavy aircraft, the time separation minima between them must be:",1 minute,2minutes,3 minutes,4 minutes,3,SUP
,386,A radiotelephony distress message transmit by an aircraft should commence with the word “………”,SOS,MAYDAY,PANPAN,EMERGENCY,2,SUP
,387,The standard controller-pilot phraseology for a controller to ascertain the RVSM approval status of an aircraft is:,( call sign) confirm RVSM approved.,( call sign) affirm RVSM.,( call sign) do you have RVSM approval.,Non of the above.,1,SUP
,388,"When two-way communication is lost, a pilot should select ____ on the transponder",Code 7500,Code 7600,Code 7700,Code 2000,2,SUP
,389,"What does a clearance for ""Immediate Takeoff"" mean",Line up immediately after the landing aircraft,Have all the approriate checks complete before entering runway,The subsequent taxi and takeoff shall be completed in one continuous movement,"Enter the runway, apply the brakes, set full power, release the brakes and take off without further clearance",3,SUP
,390,"Reference to AIP Viet Nam, The Class D airspace are classified and designated in accordance with the following :","The responsibility areas of the TWRs at the civil aerodromes, the aerodromes (using both civil and military) over the territory of Viet Nam (except CTR of Noi Bai , Da Nang, Tan Son Nhat).","On the ATS routes: From minimum flight level to 6 000 M.
TMA: Noi Bai, Tan Son Nhat.
CTR: Noi Bai, Tan Son Nhat, Da Nang","Unspecified airspace;
The responsibility areas of the TWRs of which operations are based on time limits or from sunrise to sunset: out of operation time and service provided.","Above 14 000 M
Lateral limit: Ha Noi and Ho Chi Minh FIRs.
From 2 000 M to 6 000 M
Lateral limit: Ha Noi and Ho Chi Minh FIRs, except ATS routes and TMA, CTR of C and D classes.",1,SUP
,391,"Reference to AIP Viet Nam, The Class E airspace are classified and designated in accordance with the following :","Lateral limit: Ha Noi and Ho Chi Minh FIRs
Vertical limit: from 6 000 M to 14 000 M","On the ATS routes: From minimum flight level to 6 000 M.
TMA: Noi Bai, Tan Son Nhat.
CTR: Noi Bai, Tan Son Nhat, Da Nang","Unspecified airspace;
The responsibility areas of the TWRs of which operations are based on time limits or from sunrise to sunset : out of operation time and service provided.","Above 14 000 M
Lateral limit: Ha Noi and Ho Chi Minh FIRs.
From 2 000 M to 6 000 M
Lateral limit: Ha Noi and Ho Chi Minh FIRs, except ATS routes and TMA, CTR of C and D classes.",3,SUP
,392,Surveillance radar:,Radar equipment used to determine the altitude of an aircraft.,Radar equipment used to determine the position of an aircraft in range and azimuth.,Radar equipment used to determine the position of an aircraft in range.,Radar equipment used to determine the position of an aircraft in azimuth.,2,SUP
,393,Mode A code to provide recognition of an aircraft in an emergency:,Code 7100.,Code 7500.,Code 7600.,Code 7700.,4,SUP
,394,Mode A code to provide recognition of an aircraft with radio communication failure:,Code 7200.,Code 7500.,Code 7600.,Code 7700.,3,SUP
,395,Mode A code to provide recognition of an aircraft which is being subjected to unlawful interference:,Code 7400.,Code 7500.,Code 7600.,Code 7700.,2,SUP
,396,Mode A code shall be reserved to provide recognition of an aircraft which has not received any instructions from air traffic control units to operate the transponder.,Code 2000.,Code 2100.,Code 2200.,Code 2300.,1,SUP
,397,The Mode A code shall be manually selected from……….,The 1 096 codes available.,The 2 096 codes available.,The 3 096 codes available.,The 4 096 codes available.,4,SUP
,398,"Air traffic service, a generic term meaning variously, shall comprise:",Flight information service.,"Alerting service, air traffic advisory service.",Air traffic control service.,All above.,4,SUP
,399,The order of priority for the transmission of messages in the aeronautical fixed telecommunication network shall be as follows: Transmission priority indicator,SS DD FF GG KK.,DD FF GG KK SS.,FF GG KK SS DD.,GG KK SS DD FF.,1,SUP
,400,The four-letter location indicators are listed in …………,Doc 8585,Doc 7910.,Doc 8186.,Doc 9432.,2,SUP
,401,The three-letter designators are listed in………,Doc 7910.,Doc 8186.,Doc 8585.,Doc 9432.,3,SUP
,402,"AFTN destination stations shall retain, for a period of at least……..",90 days.,60 days.,45 days.,30 days.,4,SUP
,403,"Except for reasons of safety, no transmission shall be directed to an aircraft ………",During take-off.,During the last part of the final approach.,During the landing roll.,All of the above.,4,SUP
,404,Airborne collision avoidance system (ACAS).,An aircraft system based on secondary surveillance radar (SSR) transponder signals.,An aircraft system based on primary radar signals.,1 or 2,  1 and 2,1,SUP
,405,Pressure-altitude: An atmospheric pressure expressed in terms of …which corresponds to that pressure in the Standard Atmosphere.,Flight level.,Altitude.,Height.,Airspace.,2,SUP
,406,Radio navigation service: A service providing …or position data for the efficient and safe operation of aircraft supported by one or more radio navigation aids.,Weather information.,ATIS  information.,Guidance information.,Departure information.,3,SUP
,407,Touchdown is the point where the nominal glide path intercepts..........,The outer marker.,The localizer.,The final course.,The runway.,4,SUP
,408,ILS reference datum :A point at a specified height located above the intersection of the runway centre line and the threshold and through which …extended straight portion of the ILS glide path passes.,The downward.,The upward.,1 and 2.,1 or 2,1,SUP
,409,The DME system shall comprise: ,one component fitted in the aircraft.,one component installed on the ground.,          1 or 2,         1 and 2,4,SUP
,410,Air-ground communication:,One-way communication between aircraft and stations or locations on the surface of the earth.,Two-way communication between aircraft and stations or locations on the surface of the earth.,1 or 2.,1 and 2,2,SUP
,411,Air-to-ground communication:,One-way communication from aircraft to stations or locations on the surface of the earth.,Two-way communication from aircraft to stations or locations on the surface of the earth.,1 or 2.,1 and 2,1,SUP
,412,Ground-to-air communication:,One-way communication from stations or locations on the surface of the earth to aircraft.,Two-way communication from stations or locations on the surface of the earth to aircraft.,1 or 2.,1 and 2,1,SUP
,413,Controller-pilot data link communications (CPDLC). ,"A means of communication between controllers, using data link for ATC communications.","A means of communication between controller and pilot, using data link for ATC communications.","A means of communication between pilots, using data link for ATC communications.",None of the above.,2,SUP
,414,Air-report: ,A report from an aircraft in flight.,A report from an aircraft on ground.,A report from an aircraft in the air.,A report from an aircraft in hangar.,1,SUP
,415,Distress messages (priority indicator SS).,This message category shall comprise those messages sent by mobile stations reporting that they are threatened by grave and imminent danger.,This message category shall comprise those messages sent by mobile stations reporting that they are in danger.,This message category shall comprise those messages sent by ATC unit reporting that they are in danger.,This message category shall comprise those messages sent by area control centre reporting that they are in danger.,1,SUP
,416,Urgency messages (priority indicator DD).,"This category shall comprise messages concerning the safety of a ship, aircraft or other vehicles, or of some person on board or within sight.",This category shall comprise messages concerning the safety of a ship.,This category shall comprise messages concerning the safety of an aircraft.,This category shall comprise messages concerning the safety of some person on board.,1,SUP
,417,What is a PAPI,Precision Approach Power Indicator,Precision Approach Path Indicator,Precision Approach Power Index,Precision Approach Path Index,2,SUP
,418,PANS-OPS means,Procedures for Air Navigation Systems - Airfield Operations,Procedures for Air Navigation Services - Aircraft Operations,Pilots Alternate Navigational Systems and Operational Procedures,Primary Alternate Navigational Systems and Operational Procedures,2,SUP
,419,PANS are,Procedures for Air Navigation Services,Procedures for Air Navigation Standards,Pratices for Air Navigation Services,Practices for Air Navigation Standards,1,SUP
,420,VORTAC is,A combined VOR and TACAN combination where bearing is from the VOR element and the range from TACAN element,A combined VOR and TACAN combination where bearing is from the TACAN and the range from VOR,Range and bearing are supplied from TACAN element and the VOR is a switch on device,TACAN refined for missed approach positioning,1,SUP
,421,"With increasing altitude, the rate of climb will:  ",Decrease,Remain constant,Increase,Become zero,1,SUP
,422,"If the aircraft mass increases, how does the rate of climb:  ",Become zero,Remain constant,Increase,Decrease,4,SUP
,423,A headwind will:  ,It increases true rate of climb in feet per minute,It has no effect on the climb path over the ground,It reduces climb gradient and increases ground distance,"It does not increase rate of climb, but increases climb gradient and reduces ground distance during climb",4,SUP
,424,"In a standard  atmosphere and at the sea level, the calibrated airspeed (CAS) is:  ",higher than the true airspeed (TAS),independent of the true airspeed (TAS),equal to the true airspeed (TAS),lower than the true airspeed (TAS),3,SUP
,425,An airspeed indicator displays:  ,IAS,EAS,CAS,TAS,1,SUP
,426,"On board an aircraft, the altitude is measured from the:",pressure altitude,standard altitude,temperature altitude,density altitude,1,SUP
,427,"With regards to the optimum altitude during the cruise, the aircraft is:  ",At a fixed altitude independent of aircraft mass,Always at the aircraft service ceiling,At the altitude giving optimum specific range or economy; optimum altitude generally increases as mass decreases,At the lowest altitude permitted regardless of mass,3,SUP
,428,Which Annex contains the standard and recommended Practices for all types of aeronautical charts ?,       Annex 4,      Annex 14,       Annex 5,      Annex15,1,SUP
,429,What are the international aviation distress signals? ,SOS,MAYDAY,PANPAN,All the above,2,SUP
,430,Pilots should notify air traffic control if  the variation in true aispeed at criusing level between the reporting point vary by:  ,±5%,±4%,±3%,±2 %,1,SUP
,431,The pilot of the jet aircraft wish to reach the destination with the minimum use of fuel. They should fly at:  ,Maximum range cruise speed,Best landing speed,Long range cruise speed,Minimum power speed,1,SUP
,432,When descending below the optimum altitude at the long range cruise speed:  ,       Mach number decreases,      TAS increases,       Mach number remains constant,      Mach number increases,1,SUP
,433,What will be the influence of the aeroplane performance if aerodrome pressure altitude is increased?  ,Performance decreases: take-off distance increases and rate of climb decreases,Engine thrust increases enough to offset density effects,Only indicated airspeed changes; performance is unaffected,Performance improves: take-off distance decreases and rate of climb increases,1,SUP
,434,"For a jet transport aeroplane, which of the following is the reason for the use of maximum range speed  ",Minimum specific fuel comsumption,Minimum fuel flow,Longest flight duration,Minimum drag,1,SUP
,435,An aircraft with 180 minutes ETOPS approval must be:  ,Able to fly for 180 minutes after total fuel exhaustion,"Within 180 minutes at the approved one-engine-inoperative cruise speed from an adequate en-route alternate, with ETOPS approval",Within 180 NM of the departure aerodrome at all times,Restricted to flights of no more than 180 minutes total duration,2,SUP
,436,All current civil SSR systems use :  ,The same frequencies i.e. 1030 MHz for the ground to air transmission and 1090 MHz for the air to ground transmission.,The same frequencies i.e. 1090MHz for the ground to air transmission and 1030MHz for the air to ground transmissions.,The same frequency i.e. 1030MHz for transmissions on both directions.,The same frequency i.e. 1090MHz for transmissions on both directions.,1,SUP
,437,If an unidentified aircraft is approaching heading on the controlled aircraft what action should be taken by the radar controller?,       Immediately turn the controlled aircraft to the right,      Descend the controlled aircraft to fly below the unidentified aircraft,       When the aircraft is 5 miles apart turn the controlled aircraft to the right,      Immediately climb the controlled aircraft,1,SUP
,438,How is Flight Visibility defined? ,The visibility reported by a pilot currently flying in the vicinity,The measured visibility assessed by a certified meteorological observer,The visibility forward from the flight deck of an aeroplane in flight,The forecast visibility at 3000 ft above the aerodrome,3,SUP
,439,An aircraft is considered to overtake another if it approaches the other aircraft from the rear on a line forming an angle of less than:,60 degrees with the plane of symmetry of the latter,50 degrees with the plane of symmetry of the latter,80 degrees with the plane of symmetry of the latter,70 degrees with the plane of symmetry of the latter,4,SUP
,440,Pilots should notify air traffic control a revised estimated time if the reported  estimate for the reporting point is found to be in error in excess of:,±5 minutes,±4 minutes,±3 minutes,±2 minutes,3,SUP
,441,"An aircraft flying above the sea between 4,500ft MSL and 9000ft MSL outside controlled airspace under VFR , must remain on principle at least:",Clear of clouds and sight of surface ; 8km visibility,"2000ft horizontally , 1000ft vertically from clouds ; 5 km visibility","1500m  horizontally , 1000ft vertically from clouds ; 5 km visibility","1500m horizontally , 1000ft vertically from clouds ;8 km visibility",3,SUP
,442,What are the international aviation urgency signals?,SOS,MAYDAY,PANPAN,All the above,3,SUP
,443,"If an arriving aircraft is making a straight-in approach, a departing aircraft may take off in any direction until……….. before the arriving aircraft is estimated to be over the instrument runway.",10 minutes.,2 minutes.,5 minutes.,3 minutes.,3,SUP
,444,Radar separation between two wake turbulence category “ HEAVY” aircrafts on final shall be at least: ,3NM.,4NM.,5NM.,6NM.,2,SUP
,445,"When aircraft operating within controlled airspace needs to dump fuel, the flight crew shall advise ATC. The ATC unit should then coordinate with the flight crew the following: the rout to be flown, which, if possible, should be clear of cities and towns, preferably over water and away from areas where thunderstorms have been reported or are expected; The duration of the fuel dumping;The level to be used, which should be not less than……….",1800m(6000ft).,1500m(5000ft),1200m(4000ft).,900m(3000ft).,1,SUP
,446,The MSA provides obstacle clearance in a circle with a radius of:,15NM.,20NM.,25NM,30NM,3,SUP
,447,"To determine effect of wake turbulence, aircraft are grouped into the following categories:","CAT I, CAT II, CAT III;","SMALL, MEDIUM, LARGE;","LIGHT, MEDIUM, HEAVY;","CAT A, CAT B, CAT C.",3,SUP
,448,"If an arriving aircraft is making a complete instrument approach, a departing aircraft may take off in any direction until:",The arriving aircraft has started its procedure turn or base turn leading to final approach.,The arriving aircraft has commenced initial approach.,The arriving aircraft has entered ILS glide path.,The pilot of the arriving aircraft has observed the departing aircraft.,1,SUP
,449,The controller shall…………. To ascertain that the clearance or instruction has been correctly acknowledge by flight crew and shall take immediately action to correct any discrepancies revealed by the…..,Observe…….listen,Readback………listen.,Listen……….readback., Readback……readback.,3,SUP
,450,Which aircraft along the following has first priority:,Departing aircraft.,Taxiing aircraft.,Arriving aircraft on final approach.,Arriving aircraft in the traffic pattern.,3,SUP
,451,"When an aircraft will pass through the level of another aircraft on crossing tracks, the longitudinal separation minima is………………when the level is crossed:",10 minutes if preceding aircraft is 74km/h(40kt) or more faster than the following.,10 minutes if the track are 30 degrees or more divergent.,15 minutes.,2 and 3,3,SUP
,452,"The criterion which shall be used to determine that a specific level is occupied by an aircraft shall be ±60m(200ft) in RVSM airspace. In  other airspace, it shall be………..,except that the appropriate ATS authority may specify a smaller criterion, but not less than ±60m(200ft), if this is found to be more practical.",+_90m(300ft),    +_60m(200ft),    +_30m(100ft),    +_120m(400ft),1,SUP
,453,An IFR flight may be cleared to execute a visual approach provided the pilot can maintain visual reference to the terrain and the reported ceiling is…………..the level of the beginning of the initial approach segment for the aircraft so cleared; or the pilot reports at the level of the beginning of the………..or at any time during the instrument approach procedure that the meteorological conditions are such that with reasonable assurance a visual approach and landing can be completed.,Below…………final approach segment.,At or above…….initial approach segment.,Upper………..missed approach procedure,Below……………intermediate approach segment.,2,SUP
,454,Vertical separation if other known traffic behind aircraft dumping fuel within 15 minutes flying time or a distance of 93km (50NM) by at least 300m (1000ft) if above the aircraft dumping fuel; and,At least 600m (2000ft) if below the aircraft dumping fuel.,At least 300m (1000ft) if below the aircraft dumping fuel.,At least 900m (3000ft) if below the aircraft dumping fuel.,At least 1200m (4000ft) if below the aircraft dumping fuel.,3,SUP
,455,The final vector shall enable the aircraft to be established in level flight on the final approach track prior to intercepting the specified or norminal glide path if an ILS or radar approach is to be made and should provide an intercept angle with the final approach track of ……………..,30 degrees or less,45  degrees or less,25  degrees or less,Non of above,2,SUP
,456,Red pyrotechnic directed by tower to an aircraft in flight means:,Return for landing,"Not withstanding any previous instruction, do not land for the time being.",Give way to other aircraft and continue circling.,Clearance to and taxi will be given in due course.,2,SUP
,457,"In the event of a delay of …..minutes in excess of the estimated off-block time for a controlled flight or delay of …minutes for an uncontrolled  flight for which a flight plan has been submitted , the flight plan should be amended or a new flight plan submitted and the old flight plan cancelled, whichever is applicable : ","30,30","30,60","60,30","60,60",2,SUP
,458,"If a pilot who has experienced two-way radio failure during an IFR flight proceeds according to his latest clearance , which was the navigational aid serving his destination airport , where should he commence his descent for landing ?",When he is 80 miles from the airport,When he enters the TMA,When he is over the airport,From the navigational aid serving his destination,4,SUP
,459,Aircraft taxiing in the manoeuvring area must give way to,Departing traffic,Landing traffic,Departing and landing traffic,follow-me vehicles,3,SUP
,460,"For the purpose of wake turbulence separation, what is the ICAO minimum radar separation distance if a heavy aeroplane is following directly behind another heavy aeroplance on the approach to the same runway ? ",3.7 km (2 NM),7.4 km (4 NM),9.3 km (5 NM),11.1 km (6 NM),2,SUP
,461,"An operator must ensure that, for the duration of each flight, be kept on the ground a copy of the :",flight route sheet,operation flight plan.,ATC (Air Traffic Control) flight plan,flight plan processing,2,SUP
,462,Visual approach is : ,An approach made by an IFR flight when either part or all of an instrument approach procedure is not completed,An approach made by VFR flight,Executed in visual reference to terrain,1 and 3,4,SUP
,463,Clearance limit means : ,The point to which an aircraft is granted an air traffic control clearance,The destination airport at which an aircraft plans to arrive.,The flight level at which an aircraft plans to fly.,To point at which an aircraft is going to hold.,1,SUP
,464, Touchdown zone is: ,"The portion of a runway, beyond the threshold, where it is intended landing airplanes first contact the runway","The portion of a runway, at the threshold, where it is intended landing airplanes first contact the runway.",The beginning of a runway where it is intended landing airplanes first contact the runway.,The portion of a runway where it is intended landing airplanes first contact the runway.,1,SUP
,465,Expected approach time is : ,"The time at which ATC expects that an arriving aircraft, following a delay will leave the holding point to complete its approach for landing.",The time at which the pilot of an arriving aircraft expects to leave the holding point to complete its approach for landing,The time at which it is estimated that an arriving aircraft will commence its approach for landing,All the above,1,SUP
,466,Missed approach procedure is : ,The procedure to be followed if the aircraft cannot land,The procedure which aircraft uses when there are any obstacles on the runway-in-use,The procedure to be commenced by aircraft at decision height,The procedure to be followed if the approach cannot be continued,4,SUP
,467,Cruising levels at which a flight is to be conducted mean : ,Flight levels.,Altitudes.,Flight level for flights at or above the lowest usable flight level or altitude for flights below the lowest usable flight level.,Flight level used for en-route flight,4,SUP
,468,"After an aircraft has been intercepted in flight, the intercepted aircraft is rocking its wings. This means",Unable to comply,No,You are not to enter this airspace,"Understood, will comply",4,SUP
,469,Thinking on human reliability is changing:,       It is thought that will be possible to eliminate errors in the near future.,      Human errors are now considered as being inherent to the cognitive function of human and are generally inescapable .,       Human errors can be avoide All it takes is to be vigilant and to extend one’s knowledge.,      The individual view of safety has gradually replaced the systemic view of safety.,2,SUP
,470,Which of the following statements in regard to motivation is correct?,Too much motivation may result in hypovigilance and thus in a decrease in attention,Motivation will reduce the task automation process,Low motivation will guarantee adequate attention management capabilities,Extremely high motivation in combination with excessive stress will limit attention management capabilities,4,SUP
,471,"Once detected, an error will result in cognitive consequences which: ",Are prompted by inductive factors,Have virtually no interaction with behavior,Make it possible to modify behavior with a view to adaptation,Destabilize cognitive progress and maintain the error,3,SUP
,472,"What are the various factors which guide attention?
1: the level of automation of behavior 
2: response time
3: the salience of the information
4: expectations  ","1,4","1,2","2,3,4","1,3,4",4,SUP
,473,An important aspect of Situational Awareness is: ,When individual's perception equals (matches) reality,When individual's perception higher than reality,When individual's perception lower than reality,None of above,1,SUP
,474,The ability to monitor information which could indicate the development of a critical situation:,is necessary to maintain good situational awareness,"is dangerous, because it distracts attention from flying the aircraft",makes no sense because the human information processing system is limited anyway,is responsible for the development of inadequate mental models of the real world,1,SUP
,475,Stress is above all: ,"       A response by man to his problems, which automatically leads to a reduction in his performance.",      A phenomenon which is specific to modern man.,       The best adaptation phenomenon that man possesses for responding to the various situation which he may have to face .,      A psychosomatic disease that one can learn to control.,3,SUP
,476,"According to Wicken’s theory, the human brain has:",Cognitive resources which are centered on action,Processing capabilities which function at peak level when different tasks call for the same resources,"Different reservoirs depending on whether one is in the information-gathering, information-processing or action phase",Unlimited information-processing resources,3,SUP
,477,"Between which components an interface mismatch causing disturbance of the biological rhythm, thus leading to reduced human performance?",Liveware – Hardware,Liveware – Software,Liveware – Environment,Liveware – Liveware,3,SUP
,478,An increase in workload usually leads to:,A longer and less frequent exchange of information,A shorter and more frequent exchange of information,A longer and more frequent exchange of information,A shorter and less frequent exchange of information,4,SUP
,479,"Which of the following characteristics apply to short-term memory? 
1: it is limited in time and size
2: it is unlimited in time and limited in size
3: it is stable and insensitive to disturbances
4: it is limited in time and unlimited in size  ","       2, 3.",      1 .,"       1, 3.","1, 2, 3, 4.",2,SUP
,480,"Stress appears:
1: only in a situation of imminent danger 
2: only when faced with real, existing and palpable phenomenon
3: sometimes via imagination, the anticipation of a situation or its outcome
4: because of the similarity with a formerly experienced stressful situation 
The correct statement(s) is (are):  ","       3 ,4","      1, 2","       2, 3","      1, 2, 4",1,SUP
,481,The capacity of the short-term memory is ,Very limited – only one item,About 30 items,Unlimited,A few items of information during a few seconds,4,SUP
,482,What is the effect of tiredness on attention? ,It has no specific effects on attention,It reduces the ability to manage multiple matters,It increases the ability to manage multiple matters,It leads to one’s attention being dispersed between different centers of interest,2,SUP
,483,"Decision-making can be influenced by the following factors:
1: people tend to conform to opinions expressed by a majority within the group they belong to  
2: people always tend to keep the future decisions in line with those their superiors have made in the past      
3: people more easily tend to select data which meet the expectations  
4: people hardly base decisions on their personal preferences but rather on rational information ","       2, 3","      1, 4","       2, 4","      1 , 3",4,SUP
,484,"Which model has some holes on layer of defences, barriers, and safeguard?",SHEL,Swiss Cheese,1 and 2,1 or 2,2,SUP
,485,What do holes on layers in the ‘Swiss Cheese’ model indicate?,Risks,Active failure,Hazards,None of above,3,SUP
,486,What is the reason of ‘Swiss Cheese’ model,       Promotes a systematic approach to safety.,      Is a logical and systematic development of the error chain approach to focus on causes of “organizational accidents”.,       Involves recognition that all components of the aviation system can contribute to and detract from safe and effective operations.,      All of above,4,SUP
,487,Which of the following ideas is not true about practical use of reason ‘Swiss Cheese’ model?,       Removes the spotlight from operator’s error,      Filter out non-contributory facts.,       Identifies missing or conflicting information.,      Provides an extremely effective briefing tool for ATC .,4,SUP
,488,Which of the following statements is true about error chain?,       In most cases accidents and incidents are result of a single cause.,      Many accidents are a linked sequence where several layers of defences fail .,       The sequence may not originate with an individual or at a high level within the organization.,      Preventing or avoiding one of these events would have led to an accident.,2,SUP
,489,Which of the following statements is true about chain of event?,       Multiple contributing causes that can lead to an accident.,      Rarely does an accident have a single cause.,"       If we can break just one link in the chain, the accident doesn’t happen.",      All of above,4,SUP
,490,Some areas of concerned are at the controller’s workplace:,Work environment; man and the system,Display system; input devices; computer assistance,Human cognitive capabilities & limitations; communication,All of above,4,SUP
,491,Goals of automation are to,Aid efficiency and Improve safety,Help to prevent errors,Increase reliability,All of above,4,SUP
,492,Automation’s standardization in ATC includes:,"       Verbal communication safest when everyone adhere to standardization (language, format, etc).",      Deviations can lead to errors and misunderstanding – must be discouraged.,"       Recommendation with recent form of automation – apply rigid standardization, not to introduce any variations or shortcuts.",      All of above,4,SUP
,493,What is the training of controllers objective to,"       ensure that controllers possess the required knowledge, skills and experience to perform their duties safely and efficiently .",      make the best use of the human strengths and capabilities and overcome or circumvent human inadequacies or limitations.,       maintain controller’s proficiency.,      all of above,1,SUP
,494,The quality of learning: ,       Is independent of age.,      Is promoted by feedback on the value of one’s own performance .,       Depends on long-term memory capacity.,      Is independent of the level of motivation.,2,SUP
,495,Information stays in the short-term memory,Around 24 hours,About 20 seconds,Less than 1 second,During a few seconds,4,SUP
,496,Which combination of elements guarantee the understanding of a message without adding new information to it?,Synchronization,Encoding,Feedback,Coding,3,SUP
,497,Why is frost considered hazardous to flight?  ,Frost reduces drag and improves take-off performance,Frost improves boundary-layer attachment and increases lift,Frost affects only aircraft appearance,"Frost roughens the surface, reduces lift and increases drag and stall speed",4,SUP
,498,The name given to the lowest forecast mean sea level pressure in an area is:,Regional QNH.,QFE.,QFF.,QNE.,1,SUP
,499,One or more coloured rings around the sun or moon may indicate the presence of which type of cloud?  ,Altostratus.,High.,Stratus.,Cirrocumulus.,1,SUP
,500,Hail is most likely to fall from which type of cloud?  ,CB.,NS.,AC.,AS.,1,SUP
,501,"From the list below, select the Low, Medium and High clouds in ascending order.  ","Stratus, Altocumulus, Cirrus.","Nimbostratus, Cumulonimbus, Cirrus.","Altostratus, Altocumulus, Cirrus.","Cirrus, Cumulonimbus, Stratus.",1,SUP
,502,Precipitation produced by stratus is normally?  ,Drizzle.,  Heavy showers.,Heavy rain.,  Light showers.,1,SUP
,503,Unstable air is forced to rise up the side of a mountain. What weather might you expect to see on the windward slopes?,Cloud of extensive vertical development.,"Thick stratiform cloud, probably nimbostratus.","None, as the air will subside and warm adiabatically after passing over the summit.",Cap clouds with possible altocumulus lenticularis.,1,SUP
,504,"WMO data type designator used for OPMET data, which of the following statements is likely true SA ?",Aerodrome report,Aerodrome forecast,Volcanic ash advisorie,Administrative,1,SUP
,505,"WMO data type designator used for OPMET data, which of the following statements is likely true FT?",TAF,TCA,METAR,VAA,1,SUP
,506,"WMO data type designator used for OPMET data, which of the following statements is likely true WS ?",SIGMET,SIGMET for TC,SIGMET for VA,VAA,1,SUP
,507,"WMO data type designator used for OPMET data, which of the following statements is likely true FK ?",Tropical cyclone advisories,Air-reports,Aerodrome forecasts,Administrative,1,SUP
,508,"WMO data type designator used for OPMET data, which of the following statements is likely true WC ?",SIGMET,SIGMET for TC,SIGMET for VA,TCA,2,SUP
,509,"OPMET bulletins transmitted via AFTN,  priority indicators FF used for OPMET data as follow:",SIGMET,AIREP SPECIAL,"VAA, TCA and TAF AMD",All correct,4,SUP
,510,"OPMET bulletins transmitted via AFTN,  priority indicators GG used for OPMET data as follow:",a. SIGMET,"AIREP SPECIAL,","TAF, METAR and SPECI",All correct,4,SUP
,511,"Required transit times of AFTN messages and bulletins containing OPMET information (SIGMET messages, volcanic ash and tropical cyclone advisory infonnation and special air-reports) should achieve transit times of less than the following:",5 minutes,1 minute,10 minutes,15 minutes,1,SUP
,512,"In the METAR and SPECI reports, the term vicinity (VC) shall be understood as:",Between approximately 8 and 16 km of the aerodrome reference point.,Not further away than approximately 8 km of the aerodrome reference point.,Further away than approximately 16 km of the aerodrome reference point.,Between approximately 6 and 8 km of the aerodrome reference point.,1,SUP
,513,Which of the following statements is likely true about QNH?,Pressure at mean sea level,Pressure reset to mean sea level at same condition,Pressure level in accordance with ICAO standards,All the above,1,SUP
,514,Which of the following statements is likely true a METAR? ,An aviation weather report,An aviation weather forecast,An aerodrome warning,An AIRMET information,1,SUP
,515,"In the METAR/SPECI, when the RVR has increased during the 10 minutes preceding the observation, the tendency is indicated by:",U,D,N,P,1,SUP
,516,"In the METAR/SPECI, when the RVR has decreased, the tendency is indicated by:",U,D,N,P,2,SUP
,517,"In the METAR/SPECI, when the RVR no distinct change, the tendency is indicated by:",U,D,N,P,3,SUP
,518,In the aviation meteorological sevice “Cloud of operational significance” shall be understood as:,a cloud with the height of cloud base below 1 500 m (5 000 ft),"a cloud below the highest minimum sector altitude, whichever is greater",a cumulonimbus cloud or a towering cumulus cloud at any height,all correct,4,SUP
,519,"There is thunderstorm activity in the vicinity of an airport at which you plan to land, which hazardous atmospheric phenomenon might be expected on the landing approach?","Windshear, turbulence.",Steady rain.,Precipitation static.,Drizzle.,1,SUP
,520,The term “CAVOK” is uesd when:,Visibility is 10 km or more and no cumulonimbus no weather of significance to aviation.,"Visibility is 10 km or more; No cloud below 1500m or below the highest minimum sector altitude; whichever is greater, and no cumulonimbus; No weather of significance to aviation.","Visibility is 10 km; No cloud below 2000m or below the highest minimum sector altitude; whichever is greater, and no cumulonimbus; No weather of significance to aviation.","Visibility is 10 km or more; No cloud below 1000m or below the highest minimum sector altitude; whichever is greater, and no cumulonimbus; No weather of significance to aviation.",2,SUP
,521,The term “CALM” in METAR and SPECI reports is coded as: ,       00000 followed by the abbreviation for the wind speed units,      00000,       CALM,       /////,1,SUP
,522,"In report in the METAR code form, surface wind should be based on below:","An averaging period of 10 minutes, except that when the 10 minutes period includes a marked discontinuity in the wind direction and/or speed.",An averaging period of 5 minutes.,An averaging period of 2 minutes.,An averaging period of 1 minute.,1,SUP
,523,Hail is reported when:,Diameter of largest hailstones is 5 mm or more.,Diameter of largest hailstones is 4 mm or more.,Diameter of largest hailstones is 3 mm or more.,Diameter of largest hailstones is 2 mm or more.,1,SUP
,524,Small hail an/or snow pellets is reported when:,Diameter of largest hailstones is less than 2 mm.,Diameter of largest hailstones is less than 4 mm.,Diameter of largest hailstones is less than 3 mm.,Diameter of largest hailstones is less than 5 mm.,4,SUP
,525,Fog is reported when:,"Visibility is less than 1000m, except when qualified by “MI”, “BC’, “PR” or “VC”.","Visibility is less than 800m, except when qualified by “MI”, “BC’, “PR” or “VC”.","Visibility is less than 600m, except when qualified by “MI”, “BC’, “PR” or “VC”.","Visibility is less than 500m, except when qualified by “MI”, “BC’, “PR” or “VC”.",1,SUP
,526,Mist is reported when:,Visibility is at least 1000 m but not more than 5000 m.,Visibility is at least 800 m but not more than 3000 m.,Visibility is at least 1500 m but not more than 4000 m.,Visibility is at least 1500 m but not more than 5000 m.,1,SUP
,527,"In the local routine and special reports, temperature below 0 degrees Celsius are preceded by:",FC,SP,MS,M,3,SUP
,528,"In the METAR and SPECI reports, temperrature below 0 degrees Celsius are preceded by:",M,FC,MS,SP,1,SUP
,529,"In reports for departing aircraft, the visibility observations should be:",Representative of the take-off  and climb-out area.,b. Representative of the take-off .,Representative of the whole runways.,Representative of the aerodrome and its vicinity.,1,SUP
,530,"In reports for arriving aircraft, the visibility observations should be:",Representative of the landing area,Representative of the aerodrome and its vicinity.,Representative of the approach and landing area.,Representative of the whole runways.,3,SUP
,531,"In local reports, the term “CALM” is used when:",A wind speed of less than 2 km/h is observed.,A wind speed of less than 3 km/h is observed.,A wind speed of less than 4 km/h is observed.,A wind speed of less than 5 km/h is observed.,1,SUP
,532,"In reports desseminated locally at the aerodrome, surface wind should be based on below:",An averaging period of 2 minutes.,An averaging period of 1 minute.,An averaging period of 3 minutes.,An averaging period of 4 minutes.,1,SUP
,533,Which of the following weather phenomena will reduce the visibility?,rain,fog,haze,all the above,4,SUP
,534,A tropical cyclone has wind speeds:,34 kt or more,32 kt or more,33 kt or less,31 kt or more,1,SUP
,535,A tornado over water is called a:,waterspout,mixer,washer,all the above,1,SUP
,536,An electrical discharge from a thunderstorm:,lightning,thunder,rain,mist,1,SUP
,537,The layer of the atmosphere where most of the world’s weather occurs is ?      ,stratosphere,troposphere,hemisphere,thermosphere,2,SUP
,538,The gas which comprises most of the atmosphere is ?,oxygen,carbon,nitrogen,helium,3,SUP
,539,You notice on a barometer that air pressure has been decreasing rapidly. The type of weather that would normally be expected to occur would be ?,fog,drizzle,thunderstorm,clear skies,3,SUP
,540,Which one of these clouds can produce moderate to heavy precipitation?,cumulonimbus,stratocumulus,cirrus,stratus,1,SUP
,541,The first stage of a thunderstorm is the ________ ?,cumulus stage,mature stage,dissipating stage,all the above,1,SUP
,542,The most likely stage for large hail and damaging winds is the _________ of a thunderstorm ?,cumulus stage,mature stage,dissipating stage,all the above,2,SUP
,543,Wind shear warning be issued when expected existence of wind shear__?,between runway level and 500 m above that level,between runway level and 1500 m above that level,at any level,in thunderstorms,1,SUP
,544,TAF VVTS 200330Z 200624 23010KT 9999 BKN017 TEMPO 0814 1500 +TSRA SCT013 SCT015CB=,The prior - of validity of forecast is 1-2 hours,The prior- of validity of forecast is 18 hours,The prior- of validity of forecast is 24 hours,The prior- of validity of forecast is 15 hours,2,SUP
,545,A SPECI is :,An aerodrome corrected weather report,An aerodrome routine weather report,An aerodrome special weather report.,An aerodrome amended weather report,3,SUP
,546,Atmosphere pressure ………..with height :,Does not change,Increases,Rises,Falls,4,SUP
,547,The change indicator TEMPO in the TAF used when :,The probability that a certain change or value occurs,The conditions are expected to reach or pass specified values at a regular or irregular rate,"The temporary fluctuations in the meteorological conditions , lasting less than one hour in each instance and covering less than half of the forecast period .",All the MET conditions are to pass specified values at a regular rate,3,SUP
,548,The change indicator PROB in the TAF used when :,The probability that a certain change or value occurs,The conditions are expected to reach or pass specified values at a regular or irregular rate,"The temporary fluctuations in the meteorological conditions , lasting less than one hour in each instance and covering less than half of the forecast period .",All the MET conditions are to pass specified values at a regular rate,1,SUP
,549,The period of validity of a SIGMET message shall be not more than __?,4 hours,6 hours,12 hours,18 hours,1,SUP
,550,An aircraft is on an IFR approach to an aerodrome in VMC. This approach can be defined as:,a VFR approach,a VFR approach with visual reference to the ground,an IFR approach in IMC,an IFR approach,4,SUP
,551,The abbreviation SSR stands for: ,Some strange radio.,Secondary surveillance radar.,Single system receiver.,Sector safety range.,2,SUP
,552,Which abbreviation is used for Co-ordinated universal time? ,UTC,COUT,GMT,CUT,1,SUP
,553,A standard instrument arrival is known as a: ,STAR.,SDP.,SIA.,SA.,1,SUP
,554,PAPI stands for:,Pitch attitude prime instrument.,Precision approach indicators.,Propeller and power indicator.,Precision approach path indicators.,4,SUP
,555,In Viet Nam the following types of radio aids to air navigation are available:,"NDB, VOR, DME, ILS, LORAN.","NDB, VOR, DME, ILS, OMEGA.","NDB, VOR, DME, ILS.","NDB, VOR, DME, ILS, OMEGA, LORAN.",3,SUP
,556,Which facility among the following provides a/c with its azimuth and distance:,NDB,VOR/DME,ILS,DVOR,2,SUP
,557,Air traffic services unit clocks and other time-recording devices shall be checked as necessary to ensure correct time to within plus or minus ____ of UTC at all times:,10 seconds.,20 seconds.,30 seconds.,1 minute,3,SUP
,558,The frequencies used for survival radio equipment are:,121.5 MHz and 243 MHz.,121.5 MHz and 423 MHz,120.5 MHz and 243 MHz,120.5 MHz and 423 MHz,1,SUP
,559,ATC unit may use the following means of communications for co-ordination purposes:,AFTN,Direct speech circuits,Data - exchange circuits,All of the above,4,SUP
,560,Emergency locator transmetter (ELT) is fitted _____ :,On board of the aircraft,At the rescue co-ordination centre,At the search and rescue Centre,At the rescue sub Centre,1,SUP
,561,The ICAO definition of ETA is the:,actual time of arrival at a point or fix.,estimated time of arrival at an en-route point or fix.,estimated time of arrival at destination.,estimated time en route.,3,SUP
,562,What is the value of magnetic dip at the South Magnetic Pole? ,0°,360°,180°,090°,4,SUP
,563,A waypoint is: ,A geographical location relating to area navigation (RNAV).,A visual sign pointing the way.,A geographical point at which a change of level takes place.,A designated reporting point.,1,SUP
,564,The limits of the VHF band are: ,30 - 300 MHz.,3 - 30 MHz.,300 - 3000 MHz.,300 - 3000 KHz.,1,SUP
,565,Positions on a Flight Management Computer are updated with information from:,DME / DME.,DME / VOR.,DME / DME or DME / VOR.,VOR / ADF.,3,SUP
,566,The radio navigation information used by the FMC is: ,"ADF, VOR, DME.","VOR, DME.","DME, VOR, ILS.","VOR, ADF, DME, ILS.",3,SUP
,567,Basic RNAV requires a track-keeping accuracy of:,+/- 3NM or better for 90% of the flight time.,+/- 2NM or better for 75% of the flight time.,+/- 5NM or better throughout the flight.,+/- 5NM or better for 95% of the flight time.,4,SUP
,568,Using a primary radar:,All 3 answers are correct.,target size will influence the maximum range.,detection of targets in the area close to the radar will be difficult.,precipitation may reduce the useful range.,1,SUP
,569,A Primary radar operates on the principle of: ,transponder interrogation.,phase comparison.,pulse technique.,continuous wave transmission.,3,SUP
,570,The Squawk code for emergency is: ,       7500,      7700,       7600,      7000,2,SUP
,571,"When an aircraft is subjected to unlawful interference , the pilot incomand shall indicate the situation by setting the transponder to",       7500,      7700,       7600,      7000,1,SUP
,572,RNP 4 represents a navigation accuracy of ,1NM on a 95% conatinment basis,4NM either side of track,4NM on a 95% containment basis,4KM on a 95% containment basis,3,SUP
,573,Which is transmitting technique:,"Use a normal conversational tone,and speak clearly and distinctly",Maintain the speaking volume at a constant level,A slight pause before and after numbers will assist in making them,easier to understand,4,SUP
,574,The transmission of long messages should be :,Transmited constantly,Transmited as soon as possible,Interrupted momentarily trom time  to time,All above  are correct,3,SUP
,575,"Refer to AGIMY,which is correct:",Alpha-Golf-Yankee -Mike- India,Alpha-Gold-India-Mike-Yankee.,Alpha-Golf-India-Mike-Yankee.,Alpha-Golf-India- Mile-Yankee.,3,SUP
,576,Which is correct:,Climb to two five hundred feet.,Climb to two thousand  five hundred feet.,Climb two five hundred feet.,Climb to twenty five hundred  feet.,2,SUP
,577,What does ‘GO AHEAD’ mean:,Go straight ahead,Proceed with your message.,"Continue,do not stop",say again,2,SUP
,578,What does ‘HOW DO YOU READ’ mean:,How do you copy my message?,Do you understand?,What is readability of my transmission?,Do you receive my message?,3,SUP
,579,"In transmitting technique, rate of speech shall be not exceeded….words per minute:",90,100,110,120,2,SUP
,580,"In the initial contact,which  message may be used  by pilot:","Noibai TWR,Thai 564, Heavy","Noibai TWR,Thai 564, Medium","Noibai TWR,Thai 564, Light","Noibai TWR.Thai 564, VIP",1,SUP
,581,"Except in cases of emergency, controllers should not transmit to an aircraft:",When he is taxiing,When he is joining  final course.,When he is taking-off,When he vacating runway.,3,SUP
,582,In What condition of weather ? the controller may request the pilot to report when airborne:,Raining .,Thunderstorm.,Gusting  wind.,Poor  visibility.,4,SUP
,583,"When an aircraft has commenced the take-off roll, and it is necessary for the aircraft to abandon take-off in order to avert a dangerous traffic situation,which instruction shall be given (by ATC): ","(Callsign),Cancel take-off.","(Callsign),hold position","(Callsign),stand  by","(Callsign),stop immediately.",4,SUP
,584,A “FINAL” report  is  made when an aircraft turns onto final within … from touchdown:,3NM,4NM,5NM,6NM,2,SUP
,585,A “LONG FINAL” report is made when an aircraft turns onto final  at the distance that greater than ……from touchdown:,6NM,5NM,4NM,3NM,2,SUP
,586,"When an aircraft is going around,any transmission to him should be:",As detailed as possible,Stopped at once,Brieft and kept to a minimum,Sent when pilot is ready to copy.,3,SUP
,587,A transmission from one station to another station in circumstances where two-way communication cannot be established but where it is believed that the called station is able to receive the transmission:,Blind transmission,One-way transmission,Two-way transmission,Radio check,1,SUP
,588,A transmission of information relating to air navigation that is not addressed to a specific station or stations:,Transmit,Convey,Send,Broadcast,4,SUP
,589,Clearance limit:,The point to which an aircraft is granted an air traffic control clearance.,The fix to which an aircraft is granted an air traffic control clearance.,The level to which an aircraft is granted an air traffic control clearance.,all above.,1,SUP
,590,"When the language used for communication is English, number 4 shall be transmitted using the following pronunciation:",FOW-er,four,fao-er,faw-er,1,SUP
,591,Pilots may check the time with the appropriate ATS unit. Time checks shall be given to.....,the nearest half minute,the closer half minute,the nearest 30 seconds,the half minute.,1,SUP
,592,The word CONFIRM  shall be used in radiotelephony communications as appropriate and shall have the meaning given below :,"“I request verification of: (clearance, instruction, action, information).”",verify,request,none above,1,SUP
,593,The word RECLEARED  shall be used in radiotelephony communications as appropriate and shall have the meaning given below :,“this new clearance supersedes your previous clearance or part thereof.”,“A change has been made to your last clearance and this new clearance supersedes your previous clearance or part thereof.”,“A change has been made to your last clearance and this revised clearance supersedes your previous clearance or part thereof.”,“Authorized to proceed under the conditions specified.”,2,SUP
,594,The word READ BACK shall be used in radiotelephony communications as appropriate and shall have the meaning given below :,"“Repeat all, or the specified part, of this message back to me exactly as received.”",“Repeat the specified part of this message back to me exactly as received.”,“Repeat this message back to me exactly as received.”,"“Repeat all, or the specified part, of this message back to your partner exactly as received.”",1,SUP
,595,The word STANDBY shall be used in radiotelephony communications as appropriate and shall have the meaning given below :,“Wait and I will call you.”,“Wait for a while.”,i will call you later,“Wait and call me later.”,1,SUP
,596,"When establishing communications, an aircraft should:",use the full call sign of both the aircraft and the aeronautical station.,use the call sign of both the aircraft and the aeronautical station.,use the full call sign of both the aircraft and owner company,use the full call sign of the aircraft and spell it to aeronautical station,1,SUP
,597,"When it is considered that reception is likely to be difficult, important elements of the message should be spoken ......",twice,again,slowly,in local language,1,SUP
,598,Test transmissions should take the following form:,the identification of the aeronautical station being called;,the aircraft identification;,the words “RADIO CHECK”; and the frequency being used.,all above,4,SUP
,599,Approach control will normally advise the type of approach to be expected.,"on initial contact,",as soon as possible,when passing transistion level,not nescesary,1,SUP
,600,What shall the pilots read back be for CLIMB TO 2.500 FEET?  ,Climbing to two point five ,Up to two thousand five hundred ,Climbing to two thousand five hundred feet ,Climbing to two thousand five hundred ,3,SUP
,601,Which elements of a position report cannot be omitted?  ,"Aircraft identification, position, time, level ","Aircraft identification, position, time ","Aircraft identification, position, level ","Aircraft identification, position, next position ",2,SUP
,602,ATC clears Fastair 345 to descent from FL 100 to FL 80. What is the correct read back by the pilot?,"Descending to 80, Fastair 345 ","Leaving flight level 100 descending to flight level 80, Fastair 345 ","Down to flight level 80, Fastair 345 ","Leaving 100 to 80, Fastair 345 ",2,SUP
,603,"Which word shall be used to ask a station whether you have correctly received a message, clearance,instruction, etc?",A. Confirm ,Correct ,Acknowledge ,Verify ,4,SUP
,604,Distress conditions are defined as:,a condition of being threatened by serious and/or imminent danger and of requiring immediate assistance.,"a condition concerning the safety of an aircraft or other vehicle, or of some person on board or within sight, but which does not require immediate assistance","a condition concerning the safety of an aircraft or other vehicle, or of some person on board or within sight and of requiring immediate assistance.",a condition of being threatened by serious and/or imminent danger .,1,SUP
,605,Urgency conditions are defined as:,a condition of being threatened by serious and/or imminent danger and of requiring immediate assistance.,"a condition concerning the safety of an aircraft or other vehicle, or of some person on board or within sight, but which does not require immediate assistance","a condition concerning the safety of an aircraft or other vehicle, or of some person on board or within sight and of requiring immediate assistance.",a condition of being threatened by serious and/or imminent danger .,2,SUP
,606,The word “MAYDAY” spoken at the start identifies....... message:,abnomal,a distress,an urgency,none above,2,SUP
,607,The words “PAN PAN” at the start identifies an ..... message.,abnomal,a distress,an urgency,none above,3,SUP
,608,"The words “MAYDAY” or “PAN PAN”, as appropriate, should preferably be ........... at the start of the initial distress or urgency call.",spoken 4 times,spoken 2 times,spoken 3 times,spoken only ones,3,SUP
,609,"When an aircraft is no longer in distress, it shall transmit a message cancelling the distress condition. Which words shall this message include?","MAYDAY, resuming normal operations ",cancel distress ,MAYDAY cancelled ,distress condition terminated ,2,SUP
,610,The distress communication and silence conditions shall be terminated by transmitting a message. Which words shall this message include?,"Disregard distress communication, OUT ",Emergency communication finished ,MAYDAY traffic ended ,Distress traffic ended ,4,SUP
,611,The MSA provides obstacle clearance in a circle with a radius of :,15NM.,20NM.,25NM,30NM,3,SUP
,612,"The direction in which the longitudinal axis of an aircraft is pointed, usually expressed in degrees from North (true, magnetic, compass or grid).That is definition of:",Track.,Bearing.,Heading,Desired Track.,3,SUP
,613,The correct phraseology to request termination of pressure altitude transmission when radar controller observed an aircraft wrong mode C indication is:,Stop squawking mode C wrong indication,Stop squawk charlie wrong indication,Stop squawking charlie wrong indication,Stop squawk altitude wrong level,1,SUP
,614,Use of surface movement radar (SMR): ,Monitor the movement of aircraft and vehicales on the manoeuving area; provide directional information to pilots and vehical drivers as necessary;,Provide advise and assistance for the safe and efficient movement of aircraft and vehicales on the manoueving area.,Both 1 and 2.,1 or 2,3,SUP
,615,One of the functions of radar control in the approach area is:,To provide surveillance radar approaches.,To reduce separation to less than 5 NM,To reduce vertical separation to 500 feet,To reduce separation minima if PIC’s agree.,1,SUP
,616,Aircraft taking off can be positively identified only if they are seen:,Within 5 miles of the upwind end of the runway.,Within 3 miles of the upwind end of the runway.,Within 1 miles of the upwind end of the runway.,Actually leaving the runway,3,SUP
,617,"In an SSR system, the interrogator transmission are made on a frequency of:",1090 MHz.,1030MHz.,1003 MHz.,1009 MHz.,2,SUP
,618,The surveillance radar normally used by ATC does not display altitude information unless the aircraft is equipped with an altitude encoding transponder. This is referred to as:,DME,Mode B,Mode C,Altitude,3,SUP
,619,Frequency used in SSR - Transponder receiver:,1040 MHz                                                  ,1050 MHz,1030 MHz                            ,1090 MHz,4,SUP
,620,An aircraft making a radar approach should be advised to consider executing a missed approach if the aircraft is not visible on the radar display for significant interval during the last ...... of the approach.,5 NM,4 NM,3 NM,2NM,4,SUP
,621,Radar separation based upon primary radar (PSR) shall be the distance:,Between the edges of the radar blips.,Between the center of the radar blips,Between the edges of one blip and the center of the other.,Between the nearest edges of the blips.,2,SUP
,622,Radar separation based on the used of SSR responses:,The distance between the centers of radar blips,The distance between the closest edges of the radar blips,The distance between the closest edges of the position elements of the SSR responses must never be less than a prescribed minimum,All above,3,SUP
,623,Who is responsible for check alignment of the Radar video display to ensure the video map or overlay is properly aligned with a permanent target of known and azimuth on the radar display?,The technician.,The watch supervisor.,The “D” controller.,The assistant controller.,1,SUP
,624,How many methods do you use for identification by SSR?,4,5,6,7,3,SUP
,625,How many methods using for identification by PSR?,3,4,5,6,2,SUP
,626,The number assigned to a particular multiple pulse signals transmitted by a transponder is:,Mode.,Code.,Interrogation.,Response.,2,SUP
,627,An aircraft will be considered to be maintaining FL 190 when SSR mode C level information indicates:,195,197,193,196,3,SUP
,628,The tolerance value which should be used to determine that mode C derived level information displayed to the controller is accurate shall be:,± 200 Ft,±300 Ft,± 500 Ft,±1000 Ft,2,SUP
,629,Radar-separation between two wake turbulence category “HEAVY” aircraft on final shall be at least:,3 NM,4 NM,5 NM,6 NM,2,SUP
,630,The use of radar for the purpose of providing aircraft with information and advice relative significant deviation from nominal flight path is:,Radar monitoring.,Radar vectoring.,Radar identification.,Radar separation.,1,SUP
,631,"VASIS is one of the landing aids that we have in our airport. When an aircraft flies on the correct slope, what color does the pilot see when descending ?",Intermittent RED and WHITE,Intermittent BLUE and WHITE,RED color only,WHITE color only,1,SUP
,632,Primary Surveillance Radar mean: ,A surveillance radar system which provides primary information of air traffic to Atc unit,A surveillance radar system which uses reflected radio signals,A surveillance radar system which uses primary in for action from aircraft and displays them on radar screen,A surveillance radar system which Atc uses first to determine aircraft position in distance and azimuth,2,SUP
,633,GNSS is:,Global navigation satellite system,Ground navigation satellite system,Global navigation system satellite,None of above,1,SUP
,634,SMR is:,Surface movement radar,Surface maneuver radar,Surface maneuvering radar,None of above,1,SUP
,635,GPWS is: ,Ground proximity warning system,Global proximity warning system,Ground  proximate warning system,None of above,1,SUP
,636,GLONASS is:,Global orbiting navigation satellite system,Ground orbiting navigation satellite system,Ground observed navigation satellite system,None of above,1,SUP
,637,GBAS is: ,Ground based augmentation system,Global based augmentation system,Global based augmentative system,None of above,1,SUP
,638,What shall the controller do when a pilot reports an ACAS resolution advisory (RA)?,Not attempt to modify the aircraft flight path until the pilot reports “clear of traffic”,Do his best to keep separation between aircraft concerned until the pilot reports “clear of traffic”.,Acknowledge a report to other flight crew that there is an aircraft affected by RA.,Acknowledge a report from the flight crew that waiting until the aircraft resuming the current clearance.,1,SUP
,639,What should a radar controller do if the code displayed on the radar screen   difference from the code he has just asked the pilot to squawk? ,Request the pilot to stop squawk.,Request the pilot to recycle the assigned mode and code.,The pilot shall be requested to confirm the code and reselect the correct code .,Request the pilot to switch the transponder from ON to STANDBY.,3,SUP
,640,An aircraft will consider to have reached the level to which it has been cleared when:,Level information derived by mode C indicated that it is within 90m ( 300 ft) of it’s assigned level.,After three consecutive renewals of mode C derived level information.,As long as mode C derived level information indicated that it is within plus or minus 90m (300ft).,Three consecutive renewals of mode C derived level information have indicated that it is within 90m(300ft) of it’s assigned levels.,1,SUP
,641,Radar separation may be applied between an aircraft taking off and other radar controlled traffic provided there is reasonable assurance that:,The taking -off  aircraft will be identified within 1 NM from the end of the runway and at the time the required radar separation will exist,The taking –off aircraft is at or above the minimum flight altitude of minimum safety altitude.,Both taking –off aircraft and other radar controlled flight are being identified .,1 and 2,1,SUP
,642,"In the case that the radar fails, but communication is still good, the radar controller should:",Instruct aircraft to maintain level and VMC,Inform aircraft that radar fails and maintain own separation,Instructed aircraft to change to APP frequency,Mark position of identified aircraft and take measure to provide non-radar separation.,4,SUP
,643,An arriving aircraft is descending for approach. The pilot of the aircraft is to change altimeter setting from Standard air pressure (760 mm Pb) to QNH (or QFE) ___  ,At above transition level.,Below transition level but above transition altitude,At transition altitude.,Below transition altitude.,2,SUP
,644,What is Standard Instrument Arrival (STAR)?,"A designated instrument flight rule (IFR) arrival route linking a significant point, normally on an ATS route, with a point from which a published instrument approach procedure can be commenced.","A designated visual flight rule (IFR) arrival route linking a significant point, normally on an ATS route, with a point from which a published instrument approach procedure can be commenced.","A designated instrument flight rule (IFR) arrival route linking a significant point, normally on an ATS route, with a point from which a published visual approach procedure can be commenced.",All the above.,1,SUP
,645,The aircraft should be advised to consider executing a missed approach if the aircraft is not visible on the situation display for any significant interval during the last...of the approach.,1 NM,2 NM,3 NM,4 NM,2,SUP
,646,"If the landing clearance is not received, a subsequent notification should be made at approximately…and landing clearance requested.",4 NM from threshold,4 NM from touchdown,1 or 2 is correct,1 and 2 are correct,2,SUP
,647,Which does ATC Term “Radar contact” signify?,Your aircraft has been identified and you will receive separation from all aircraft while in contact with this radar facility.,You will be given traffic advisories until advised that the service has been terminated or that radar contact has been lost.,ATC is receiving your transponder and will furnish vectors and traffic advisories until you are advised that contact has been lost.,Your aircraft has been identified on the radar display and radar flight instructions will provided until radar identification is terminated.,4,SUP
,648,What does an air traffic controller have to do before providing an ATS surveillance service to an air craft? ,Identify air craft,Radio contact with air craft,Issue ATC clearance for air craft,Change air craft flight level,1,SUP
,649,What does mode C show? ,Identification,Weather information,Restriction,Level information,4,SUP
,650,What does mode S show? ,Identification feature,Weather information,Restriction,Level information,1,SUP
,651,How shall a pilot inform a radar control unit that the aircraft is not quipped with transponder?,Negative squawk.,Negative transponder.,Transponder not available.,No SSR.,2,SUP
,652,Track separation between aircraft using the same VOR is at least…and at a distance of…more from the facility.,"10 degrees; 18,5km(10NM)","15 degrees; 18,5km(10NM)",10 degrees; 28km(10NM),15 degrees; 28km(15NM),4,SUP
,653,Track separation between aircraft using the same NDB is at least…and at a distance of…more from the facility. ,"10 degrees; 18,5km(10NM)","30 degrees; 18,5km(10NM)",30 degrees; 28km(10NM),30 degrees; 28km(15NM),4,SUP
,654,Track separation between aircraft using dead reckoning is at least…and at a distance of…more from the facility. ,"30 degrees; 18,5km(10NM)","45 degrees; 18,5km(10NM)",30 degrees; 28km(10NM),45 degrees; 28km(15NM),4,SUP
,655,What type of separation must be maintained at all times between aircraft holding in the holding pattern?,vertical,lateral,longitudinal,a combination of lateral and vertical,1,SUP
,656,Priority for landing shall be given to:  ,"an aircraft which anticipates being compelled to land because of factors affecting the safe operation of the aircraft (engine failure, shortage of fuel, etc.);",hospital aircraft or aircraft carrying any sick or seriously injured persons requiring urgent medical attention;,aircraft engaged in search and rescue operations; and other aircraft as may be determined by the appropriate authority.,All of above,4,SUP
,657,Speed control shall not be applicable to aircraft: ,Entering or established in holding pattern.,Encountering the turbulent weather; conducting priority/ emergency landing.,Carrying VIP.,All the above,4,SUP
,658,AIP Amendment contain:,Permanent changes to the information contained in the AIP.,Temporary changes to the information contained in the AIP.,1 or 2,1 and 2,1,SUP
,659,AIP Supplement contain:,Permanent changes to the information contained in the AIP which are published by means of special pages.,Temporary changes to the information contained in the AIP which are published by means of special pages.,1 or 2,1 and 2,2,SUP
,660,Danger area. ,An airspace of defined dimensions within which activities dangerous to the flight of aircraft may exist at all times.,An airspace of defined dimensions within which activities dangerous to the flight of aircraft may exist at specified times.,An airspace of defined dimensions within which activities dangerous to the flight of aircraft may exist at day-light times.,An airspace of defined dimensions within which activities dangerous to the flight of aircraft may exist at night times.,2,SUP
,661,Geodesic distance.  ,The slant distance between any two points on a mathematically defined ellipsoidal surface.,The  distance between any two points on a mathematically defined ellipsoidal surface.,The shortest distance between any two points on a mathematically defined ellipsoidal surface.,The vertical distance between any two points on a mathematically defined ellipsoidal surface.,3,SUP
,662,Geodetic datum. ,A set of parameters required to define location and orientation of the local reference system with respect to the global reference system/frame.,A maximum set of parameters required to define location and orientation of the local reference system with respect to the global reference system/frame.,A minimum set of parameters required to define location and orientation of the local reference system with respect to the global reference system/frame.,Non of the above.,3,SUP
,663,Vertical limitation of the prohbited area over HoChiMinh city (VVP4) is:,From ground up to 3000m,From ground up to 2700m,From ground up to 1500m,From ground up to unlimited,1,SUP
,664,Airspace in TSN TMA is classified as :,Class A,Class B,Class C,Class D,3,SUP
,665,Airspace in TSN CTR is classified as :,Class A,Class B,Class C,Class D,3,SUP
,666,Vertical limitation of the Bien Hoa Restricted Area (VVR19) is:,From ground up to 7000m,From ground up to 4000m,From ground up to 3000m,From ground up to unlimited,1,SUP
,667,MSA in TSN TMA is within a sector of a circle of ……….. radius centered on a radio aid to navigation. ,15NM,25NM,35NM,40NM,2,SUP
,668,Mây Tào Gun Firing Exercise is:,VVD30,VVD31,VVD32,VVD33,3,SUP
,669,Vertical limitation of Tan An airforce training area (VVD36) is:,   From 400m up to 3000m,From 400m up to specified altitude (be provided by ATC unit),From ground up to 3000m,From ground up to unlimited,2,SUP
,670,Air traffic services include:,"Flight administration service, ATC service, air traffic consultancy service and alarming service","Flight administration service, flight information service, air traffic consultancy service and alarming service.","ATC services, flight information service, air traffic consultancy service and alarming service.","Flight administration service, flight information service, air traffic advisory service and alarming service.",1,SUP
,671,Aircraft may not make exercise or training flights:,"Over densely populated areas, unless permitted by authorized authorities.","Over densely populated areas, until permitted by competent state agencies.","Over mountainous areas, unless permitted by competent state agencies","Over densely populated areas, unless permitted by competent state agencies.",4,SUP
,672,"Flight permission granted to flights arriving and departing at the airports of Viet Nam shall become effective at 12 (twelve) hour prior to and until … hours after the ETA, ETD indicated in the permission.",6,12,18,24,4,SUP
,673,Over-flight permission shall become effective 03(three) hours prior to and until … hours after estimated over-flight time indicated in the flight permission.,12,24,48,72,4,SUP
,674,"When VIP arrives, airport operation will be restricted: ","05 minutes before landing time of VIP flight, the reserved RWY for VIP flight should be clear","05 minutes before landing time of VIP flight, all RWYs should be clear","05 minutes after VIP flight lands, that RWY can resume normal operation",None of the above,1,SUP
,675,"When VIP departs, airport operation will be restricted: ","05 minutes before VIP flight lines up, the reserved RWY for VIP flight should be clear","05 minutes before departure time of VIP flight, all RWYs should be clear.","05 minutes after VIP flight takes off, that RWY can resume normal operation",None of the above,1,SUP
,676,MSAW function of ATM system is :,Warning aircrafts that infringes terrain,Warning aircrafts that infringes prohibited area,Warning aircrafts that have risk of collision with each other,None of above,1,SUP
,677,AIP Amendment contain:,Permanent changes to the information contained in the AIP.,Temporary changes to the information contained in the AIP.,1 or 2,1 and 2,1,SUP
,678,AIP Supplement contain: ,Permanent changes to the information contained in the AIP which are published by means of special pages.,Temporary changes to the information contained in the AIP which are published by means of special pages.,1 or 2,1 and 2,2,SUP
,679,Area navigation (RNAV) is:,A method of navigation.,A SID.,An approach procedure.,Non of the above.,1,SUP
,680,ATS surveillance service. ,Term used to indicate a service from a tower.,Term used to indicate a service from approach control unit.,Term used to indicate a service from area control center.,Term used to indicate a service provided directly by means of an ATS surveillance system.,4,SUP
,681,Automatic terminal information service (ATIS). ,"The automatic provision of current, routine information to arriving aircraft throughout 24 hours or a specified portion thereof.","The automatic provision of current, routine information to departing aircraft throughout 24 hours or a specified portion thereof.","The automatic provision of current, routine information to en-route aircraft throughout 24 hours or a specified portion thereof.","The automatic provision of current, routine information to arriving and   departing aircraft throughout 24 hours or a specified portion thereof.",4,SUP
,682,A NIL notification shall be originated and distributed by the monthly plain-language list of valid NOTAM when:,An AIP Supplement will not be published.,An AIP Supplement will be published.,AIP Amendment will not be published at the established interval or publication date.,AIP Amendment will be published at the established interval or publication date.,3,SUP
,683,A Rescue Unit is: ,A unit responsible for SAR service in co-operation with a RCC,A unit composed of trained personnel and provided with equipment suitable for the expeditious conduct of SAR,A unit assisting a RCC in SAR duties,A unit responsible forpromoting efficient organisation of SAR service and for co-ordinating the conduct of SAR within the SAR area,2,SUP
,684,Alternate aerodrome means: ,An alternate aerodrome to which an aircraft may proceed should it become either impossible or inadvisable to land at the aerodrome of intended landing.,An alternate aerodrome at which an aircraft can land should this become necessary shortly after take-off and it is not possible to use the aerodrome of departure.,An aerodrome to which an aircraft may proceed when it becomes either impossile or inadvisable to proceed to or to land at the aerodrome of intended landing.,An aerodrome at which an aircraft would be able to land after experiencing an abnormal or emergency condition while en route.,3,SUP
,685,At least which services have to be provided by ATS within a flight information region? ,Flight information service and alerting service,Flight information service,Flight information service and air traffic advisory service,Flight information service and air traffic control service,1,SUP
,686,What is STCA?,Minimum Safe Altitude Warning,Safety Target Calculation Algorithm,Short-Term Conflict Alert,Surface Movement Guidance Alert,3,SUP
,687,How does STCA work? ,It calculates fuel burn for arriving aircraft,It predicts short-term aircraft trajectories and compares predicted separation with configured alert thresholds,It issues automatic landing clearance,It replaces the controller by applying separation automatically,2,SUP
,688,"What is the maximum time horizon
 for STCA alerts?",About 30 seconds,About 5 minutes,"Typically up to about 2 minutes, depending on system configuration",About 10 minutes,3,SUP
,689,What is the typical response time for air traffic controllers toan STCA alert ?,Within 5 minutes,"Immediate and timely controller action, normally within seconds of recognizing the alert",Only after pilot confirmation,Within 30 minutes,2,SUP
,690,"What is the typical range of STCA in a radar surveillance 
system? ",Exactly 50 NM,Only within 5 NM of an aerodrome,No fixed universal range; it covers the configured surveillance and airspace area,Exactly 20 NM,3,SUP
,691,"What color is typically used to denote an STCA alert on the
 air traffic controller's display? ",Red or flashing red,Amber only,Green,Blue,1,SUP
,692,"What is the minimum separation distance required for an 
STCA alertto be generated? ","2,000 ft",5 NM,When predicted horizontal or vertical separation will infringe configured parameters,5 minutes,3,SUP
,693,"What is the difference between STCA and Minimum Safe 
Altitude Warning (MSAW)? ",STCA warns of terrain while MSAW predicts aircraft conflict,Both systems provide identical warnings,STCA predicts aircraft-to-aircraft conflict; MSAW warns of terrain or minimum-altitude infringement,STCA is a weather alert and MSAW is a runway alert,3,SUP
,694,"What is the minimum separation distance required between
two aircraft to avoid a potential conflict according to STCA? ","1,000 ft",Apply the operational separation minimum configured for the airspace,5 NM,30 seconds,2,SUP
,695,"What is the primary purpose of the STCA system in air
 traffic control? ",Automatically issue all avoiding clearances,Calculate runway braking action,Provide early warning of a potential loss of separation or collision risk,Provide long-term traffic forecasts for the next day,3,SUP
,696,"According to Radar Vectoring Altitude Chart in Tan Son Nhat TMA, the minimum altitude shall be ........ in the area between 150° radial and 310° radial ; and in the range of  110 km from TSN VOR.",450 m,600 m,950 m,1500m,2,SUP
,697,The Glide slope of GP RWY 25R is:,2°,2.5°,3°,5°,3,SUP
,698,VCCS stands for:,Voice Communication Control System,Voice Control Communication System,Virtual Control Communication System,Virtual Communication Control System,1,SUP
,699,"After departure , an IFR aircraft loses two- way communications. What should the pilot ‘s course of action be:","Continue to fly to the destination airport, whatever the weather conditions are.","Return to the departure airport immediately, whatever the weather conditions are.",Return to the departure airport immediately if the weather is VMC or continue the flight to destination airport if the weather is IMC,Land at the most suitable nearest aerodrome while en route.,3,SUP
,700,Fuel dumping area in TSN APP TMA is:,"Named Rang Rang, minimum altitude in area is 600m, and required approval from Biên Hòa commander","Named Rang Rang, minimum altitude in area is 1500m, and required approval from Biên Hòa commander","Named Rang Rang, minimum altitude entering in the area is 600m, and required approval from ATC","Named Rang Rang, minimum altitude entering in the area is 1500m, and required approval from Biên Hòa commander",2,SUP
,701,CHIPO holding area has inbound track and minimum holding altitude:,218°; FL100,208°; FL140,128°; FL 145,028°; FL 050,2,SUP
,702,Fuel dumping area in TSN APP TMA is:,"Named Rang Rang, minimum altitude in area is 600m, and required approval from Biên Hòa commander","Named Rang Rang, minimum altitude in area is 1500m, and required approval from Biên Hòa commander","Named Rang Rang, minimum altitude entering in the area is 600m, and required approval from ATC","Named Rang Rang, minimum altitude entering in the area is 1500m, and required approval from Biên Hòa commander",2,SUP
,703,LATHA holding area has inbound track and minimum holding altitude:,001°; FL 100,010°; FL 050,181°; FL 145,020°; FL 140,1,SUP
,704,N500’s track (segment from TSN DVOR/DME to BAOMY):,077,86,128,135,2,SUP
,705,R468’s track (segment from TSN DVOR/DME to SAPEN):,232,250,240,295,4,SUP
,706,R468’s minimum flight altitude is:,900 m,"1,500 m",600 m,"1,200 m",1,SUP
,707,W1’s track (segment from TSN DVOR/DME to AC),78,85,128,135,1,SUP
,708,"W8’s track (segment from TSN DVOR/DME to 
MISAN)",294,250,241,231,3,SUP
,709,"According to Radar Vectoring Altitude Chart in Tan 
Son Nhat TMA, the minimum altitude shall be ........
 in the area between 000° radial and 100° radial ; and
 in the range of  65 km and  110 km from TSN VOR. ",1050 m,1200 m,1500 m,2100 m,2,SUP
,710,What is the category of ILS system RWY 25R ?,I,II,III,None of above,1,SUP
,711,"According to Radar Vectoring Altitude Chart in Tan Son Nhat TMA, the minimum altitude shall be ........ in the area between 000° radial and 100° radial ; and in the range of  65 km and  110 km from TSH VOR.  ",1050 m,1200 m,1500 m,2100 m,2,SUP
,712,"According to Radar Vectoring Altitude Chart in Tan Son Nhat TMA, the minimum altitude shall be ........ in the area between 100° radial and 150° radial ; and in the range of  45 km and  110 km from  TSH VOR.",450 m,600 m,900 m,1200m,3,SUP
,713,,,,,,,SUP
,714, Minimum sector altitude in TSN is:,"850m in North West sector, 600m in South East sector","850m in West sector, 600m in East sector","850m in North West sector, 600m in South East sector",850m,4,SUP
,715, Airspace of Vũng Tàu is defined:,A circle with radius of 10km from VTV VOR and from GND/Water level up to 1500m.,A circle with radius of 10km from VTV VOR and from GND/Water level up to 900m.,A circle with radius of 10km from XVL NDB and from GND/Water level up to 1500m.,A circle with radius of 10km from XVL NDB and from GND/Water level up to 900m,1,SUP
,716,"TSN TMA is a circle with radius … centred on TSH DVOR/DME, except the Airspace within PhnomPenh FIR.",25 NM (46 km),40 NM (75 km),60 NM (111 km),80NM (148 km),2,SUP
,717,W1’s track (segment from  TSH DVOR/DME to AC),78,85,128,135,1,SUP
,718,W8’s track (segment from  TSH DVOR/DME to MISAN),294,250,241,231,3,SUP
,719,W9’s track (segment from TSH DVOR/DME to   XOBAV),271° TRUE,001° TRUE,181° TRUE,091° TRUE,3,SUP
,720,W9’s minimum flight altitude is:,300 m,450 m,600 m,2150m,4,SUP
,721,W16’s minimum flight altitude is:,300 m,450 m,600 m,1200m,4,SUP
,722,W16’s track (segment from  TSH DVOR/DME to  ENPAS),132° TRUE,232° TRUE,052° TRUE,332° TRUE,2,SUP
,723,W19’s track (segment from  TSH DVOR/DME to VUNGTAU DVOR/DME),128,136,181,215,2,SUP
,724, XOBAV holding area has inbound track and minimum holding altitude:,"Inbound 035°, MHA FL100","Inbound track 001° or 181°; minimum holding altitude reference FL070 or 1,200 m, subject to the current chart","Inbound 090°, MHA FL120","Inbound 270°, MHA FL060",2,SUP
,725,BITIS holding area has inbound track and minimum holding altitude:,305°; FL140,035°; FL100,215°; FL050,135°; FL145,2,SUP
,726, BACHU holding area has inbound track and minimum holding altitude:,As published on the current TSN STAR or Point Merge chart,"Inbound 035°, MHA FL100","Inbound 181°, MHA 900 m","Inbound 232°, MHA FL070",1,SUP
,727,Who have the right to open an airport or aerodrome based on the airport or aerodrome system plans?,The Prime Minister,The Minister of Transport,The Director of Airport Authority,None of above,1,SUP
,728,Who shall decide to establish the prohibited and restricted areas in the territory of VietNam?,The Ministry of National Defense,The Ministry of Transport,The Prime Minister,The Ministry of Foreign Affairs,3,SUP
,729,"Whenever the usage of 2 parallel RWY07 occurs, departure aircraft can take-off on RWY07L:",The arrival has landed assured on RWY07R,The arrival has landed assured on RWY07R or 03 minutes before ETA of arrival in non-radar environment,The arrival has landed assured on RWY07R and the WX reported in VMC,None of the above,2,SUP
,730,"Whenever the usage of 2 parallel RWY25 occurs, departure aircraft on RWY25L is allowed to take off when:","The arrival vacated RWY25R, and received the clearance to hold short of RWY25L",The arrival seemed to be landing assured and received the clearance to hold short of RWY25L,The arrival has landed assured on RWY25R or 03 minutes before ETA of arrival in non-radar environment,The arrival was approaching to land RWY25R,3,SUP
,731,Fuel dumping area in TSN APP TMA is:,"Named Rang Rang, minimum altitude in area is 600m, and required approval from Biên Hòa commander","Named Rang Rang, minimum altitude in area is 1500m, and required approval from Biên Hòa commander","Named Rang Rang, minimum altitude entering in the area is 600m, and required approval from ATC","Named Rang Rang, minimum altitude entering in the area is 1500m, and required approval from Biên Hòa commander",2,SUP
,732,"In Decree 125/2015 / ND-CP, domestic routes are used for:",Dommestic flights only,Dommestic and international flights,International flights only,None of the above,1,SUP
,733," In Decree 125/2015 / ND-CP, international routes are used for:",Dommestic flights only,Dommestic and international flights,International flights only,None of the above,2,SUP
,734,"When VIP arrives, the reserved RWY for VIP flight will be available: ",When VIP flight stops at the parking,After VIP flight vacates the RWY,05 minutes after VIP flight lands,None of the above,2,SUP
,735,"When VIP departs, the reserved RWY for VIP flight will be available:",03 minutes after VIP flight takes off,After VIP flight is airborne,05 minutes after VIP flight takes off,None of the above,2,SUP
,736,How many years in experience can a controller handle VIP flight?,One year,Two years,Three years,Four years,3,SUP
,737, The saperation between the two VIP flights is applied:,As in permanent Air Regulation,As standards,As double separation,None of the above,1,SUP
,738,"In point merge procedure, BITIS holding area has inbound track and minimum holding altitude :",029⁰; 8000FT,035⁰; 5000FT,029⁰; 10000FT,035⁰; FL200,1,SUP
,739,"In point merge procedure, VICAL holding area has inbound track and minimum holding altitude :",001⁰; 7000FT,001⁰; 8000FT,181⁰; 7000FT,181⁰; 9000FT,1,SUP
,740,"In point merge procedure, NOKUM holding area has inbound track and minimum holding altitude :",113⁰; 12000FT,293⁰; 12000FT,113⁰; 14000FT,293⁰; 14000FT,1,SUP
,741,What is the frequency of NDB AC ?,320 KHz,320 MHz,230 KHz,230 MHz,1,SUP
,742, What is the frequency of DVOR/DME  TSH ?,118.7 MHz,118.7 KHz,116.7 MHz,116.7 KHz,3,SUP
,743,What is the frequency of LOC 25R ?,108.3 KHz,108.3 MHz,110.5 KHz,110.5 MHz,4,SUP
,744,The distance from the threshold RWY 25R to GP of ILS system 25R is:,314m,320m,431m,120m,1,SUP
,745, What is the frequency of LOC 25L ?,108.3 MHz,108.3 KHz,110.5 KHz,110.5 MHz,1,SUP
,746,The distance from the threshold RWY 25L to GP of ILS system 25L is:,300m,314m,112m,321m,1,SUP
,747,PSR stands for:,Primary surveillance radar,Primary radar,Primary system radar,Primary and secondary surveillance radar,1,SUP
,748,SSR stands for:,Secondary Radar,Secondary system Radar,Secondary surveillance Radar,None of above,3,SUP
,749,VHF equipment of TSN military frequency 134.0 MHz include:,"2 main unit, 2 standby unit use for each frequency, convert automatically or manually put in equipment room and connected with VCCS system.","2 main unit, 1 standby unit use for each frequency, convert automatically or manually put in equipment room and connected with VCCS system.","1 main unit, 2 standby unit use for each frequency, convert automatically or manually put in equipment room and connected with VCCS system.","1 main unit, 1 standby unit use for each frequency, convert automatically or manually put in equipment room and connected with VCCS system",4,SUP
,750, VHF equipment of TSN military frequency 121.0 MHz include:,"1 main unit, 1 standby unit use for each frequency, convert automatically or manually put in equipment room and connected with VCCS system.","2 main unit, 1 standby unit use for each frequency, convert automatically or manually put in equipment room and connected with VCCS system.","1 main unit, 2 standby unit use for each frequency, convert automatically or manually put in equipment room and connected with VCCS system.","2 main unit, 2 standby unit use for each frequency, convert automatically or manually put in equipment room and connected with VCCS system.",1,SUP
,751, VHF equipment of emergency frequency 121.5 MHz include:,"1 main unit, 2 standby unit use for each frequency, convert automatically or manually put in equipment room and connected with VCCS system.","1 main unit, 1 standby unit use for each frequency, convert automatically or manually put in equipment room and connected with VCCS system.","2 main unit, 2 standby unit use for each frequency, convert automatically or manually put in equipment room and connected with VCCS system.","2 main unit, 1 standby unit use for each frequency, convert automatically or manually put in equipment room and connected with VCCS system.",2,SUP
,752,How many surveillance Radar at TSN airport ?,1,2,3,4,2,SUP
,753,What is the coverage of surveillance Radar (SSR) at TSN airport ?,200NM,250NM,250km,200km,2,SUP
,754,What is the coverage of PSR at TSN airport ?,100 km,80 km,160 km,80 NM,4,SUP
,755,The distance from the displaced threshold RWY 07R to DVOR/TSH is:,325 m,905.7 m,"1,200 m",314 m,2,SUP
,756,The frequency of NDB/GN is:,320 KHz,326 KHz,343 KHz,375 KHz,3,SUP
,757, The distance from the threshold RWY 25L to NDB/GN is:,960m,970m,980m,977m,4,SUP
,758,The AFTN address of TSN APP is:,VVTSZTZX,VVTSZYZX,VVTSZAZX,VVTSZAZY,3,SUP
,759,"According to the current regulations , what is the parking number used for unlawful interference aircraft ?",North South TWY,Parking 70  2E,Parking 50,All of the above,2,SUP
,760,The restricted area VVR19 is located over:,Cam Ranh Airport,Ho Chi Minh city,Bien Hoa airbase,May Tao firing area,3,SUP
